DespuÃ©s de presentar las fichas de 1415 nuevos militantes de laâ€¦ https://t.co/p5jDQmnlJk,-33.438,-70.65
Sorvete para alegrar o dia @ Stonia Ice Creamland https://t.co/9y4NFvxJiP,-15.814,-47.89
"Almuerzo! #friends #adm @ La Fogata, Las Vitrinas https://t.co/unvOrazQt2",-2.172,-79.9
"current weather in Sao Goncalo: clear sky, 23Â°C
50% humidity, wind 2kmh, pressure 1018mb",-22.8,-43.04
"current weather in Niteroi: clear sky, 23Â°C
50% humidity, wind 2kmh, pressure 1018mb",-22.91,-43.07
No se pierda cocineros chilenos @cocineroscl @chilevision  a las 16:50 #cocineroschilenosâ€¦ https://t.co/Pt0ygepDnL,-33.45,-70.667
"current weather in Nova Iguacu: clear sky, 23Â°C
49% humidity, wind 5kmh, pressure 1019mb",-22.75,-43.5
"Comenzaron las inscripciones! 
Podes inscribirte hasta el fin de mes. 
Las clases inician el 12â€¦ https://t.co/9dJTdEh3mC",-25.334,-57.518
Con la mÃ¡s linda visitando a la mas hermosa de toda las Reinas... @ El Belloto https://t.co/5UTxq3pJ1u,-33.067,-71.417
"""Me quitÃ³ las ganas de vivir"": condenan a un represor por violencia de gÃ©nero https://t.co/hW5JocRmeX",-34.594,-58.392
"Anoche re-estrenamos piluchasvariete, un hermoso trabajo que rememora los tiempos en que lasâ€¦ https://t.co/4MwMeVXnW9",-33.433,-70.635
A las 17 por https://t.co/tPPj9Er1Cq desde el #estudiomoliere #quehacesahi sale a la cancha.â€¦ https://t.co/BEbdB5MtVh,-34.593,-58.386
"Suelto todo... ğŸ˜‚ #retopiensoenpositivo #dia13 @ Las Piedras, Uruguay https://t.co/TbxNZjwBLz",-34.717,-56.217
"Hablemos de las cosas que estÃ¡n bien ğŸ˜ğŸ’–âœ¨ğŸ¦„ @ Recoleta, Distrito Federal, Argentina https://t.co/5GyklR6ZOU",-34.583,-58.4
Definitivo: la Mesa Ejecutiva no cambio Danubio-Nacional para el domingo como planteo Tenfield; se juega el sabado a las 15:00.@uyEcos,-34.908,-56.189
Canopy en @saralunastorga @ Cascada De Las Animas https://t.co/2H0XiHaybh,-33.733,-70.318
"current weather in Recife: overcast clouds, 27Â°C
99% humidity, wind 4kmh, pressure 1026mb",-8.04,-34.93
#carnedebufalo ğŸƒ 100% pastura natural ğŸŒ± el #asadoargentino ahora tiene un nuevo integrante lasâ€¦ https://t.co/pihNseQQo0,-34.48,-58.505
"No sÃ© entregarte la vida, tampoco vivir sin vos
#Landia #ntvg @â€¦ https://t.co/mRJhq2wSw2",-34.524,-56.282
"Pra finalizar a semana. ğŸ’ªğŸ˜¼ (@ Japan AcadÃªmia in Parintins, Amazonas w/ @_rafaellabrasil) https://t.co/xROceZOgNI",-2.628,-56.732
"4.3 magnitude #earthquake. 55 km from #Chimbarongo, O'Higgins, Chile https://t.co/NnvpBgyCuU",-34.813,-70.457
"#Nubes #LasCascadas #RegiÃ³nDeLosLagos #Vacaciones #Casa #Colores @ Las Cascadas, X Region De Losâ€¦ https://t.co/4xjXXiYzi4",-41.102,-72.631
"Over12! 
Estamos hasta las 21hrs 
ğŸ’£ğŸ’£ğŸ’£ğŸ’£
#NacionTriizy #madisonsquarebarber #streetwear #outfitâ€¦ https://t.co/9Akyxa7z4E",-33.581,-70.599
Porque tengo que andar limpiando la mugre que dejan las personas,-38.756,-62.263
Nesta sexta a Top Gun estarÃ¡ fazendo uma noite muito legal no Oba Oba. Antes teremos oâ€¦ https://t.co/V0sJMtXmWL,-5.06,-42.784
Kaptan 100dk ihtiyaÃ§ molasÄ± verdi âœˆBuenos Aires (@ Aeroporto Internacional de SÃ£o Paulo / Guarulhos (GRU)) https://t.co/sh6Vzwzz35,-23.426,-46.481
"Que lindo ver sus sonrisas, sorpresas y la emociÃ³n que sentian vernos, y al oir las sirenas !!!â€¦ https://t.co/66s0aaYe0O",-35.389,-64.461
"Las Mas hermosas (Mica&amp;Cande) las mellys las amo ğŸ˜ğŸ‘§ğŸ‘§ğŸ’ŸğŸ’Ÿ @ Belgrano,â€¦ https://t.co/jHJ3zPvY0J",-34.563,-58.458
"@VHMok @LRubinska @paulokablan @ischargro @robertofunesu @C5N Banco, sin que mis clientes sepan les hago comprar millones hago bici, estafo.",-34.774,-58.214
"current weather in Campo Grande: clear sky, 17Â°C
77% humidity, wind 2kmh, pressure 992mb",-21.54,-54.82
"current weather in Santa Fe: clear sky, 16Â°C
66% humidity, wind 5kmh, pressure 1027mb",-31.19,-60.88
"@burbucris Â¡Eres muy especial porque bendices! Un regalo: ""La alegrÃ­a no estÃ¡ en las cosas se halla en nosotros. Autor: Richard Wagner""",-33.469,-70.642
Disfrutando de una merienda de trabajo con @bacochef @ Las Oliva's https://t.co/sEJI29YMQ9,-26.83,-65.209
#consejolaca Para lograr cejas instagram retocalas con #delineadorengel marrÃ³n y todas lasâ€¦ https://t.co/Ag9trKcolE,-34.612,-58.64
"Jajaj justo me enpezas el Ãºlltimo bloque con las personas mÃ¡s feas del mundo mundial...

 #FemirEnElLivingDeSG",-34.984,-67.674
Just posted a photo @ Liceo de AtlÃ¡ntida 1 https://t.co/VTwZG8KvW0,-34.768,-55.76
"current weather in Osasco: clear sky, 20Â°C
72% humidity, wind 5kmh, pressure 1021mb",-23.53,-46.79
"current weather in Campinas: clear sky, 20Â°C
49% humidity, wind 1kmh, pressure 1020mb",-22.89,-47.17
"current weather in Porto Alegre: few clouds, 21Â°C
55% humidity, wind 4kmh, pressure 1020mb",-30.03,-51.23
"En la Ceremonia de entrega de Computadores a las Escuelas Municipales. 
Todos los Alumnos deâ€¦ https://t.co/ZW50lNiU0S",-39.273,-71.951
Comes sin gluten? ğŸ™…ğŸ½â€â™‚ï¸Rolls NUEVOS sin gluten! Espinaca â•Ricota â•Muzarella â•Menta ğŸ¥— y si queresâ€¦ https://t.co/zSCSBfOqdT,-34.92,-56.159
Chaoooooo que sea un excelente finde ğŸ‘ŒğŸ˜‹ğŸ˜œğŸ˜˜ @ Autopista Del Sol https://t.co/zapWUF1VoX,-33.458,-70.916
"ğŸ˜±Novidades chegando!! Cheesecake com Morango!ğŸ˜ Encomende jÃ¡ o seu!ğŸ˜‰
#sobremesa #deserts #foodâ€¦ https://t.co/Yy745AtvaD",-27.638,-48.65
"17:17 en La Reina Accidente vehicular (10-4) R3 BX4 Avenida Ossa y Las Aranas Bx4, https://t.co/GzAez4bfe5",-33.437,-70.574
"17:17 en La Reina Accidente vehicular (10-4) R3 BX4 Avenida Ossa y Las Aranas Bx4, https://t.co/xwZ8vRIs1c",-33.437,-70.574
"17:17 en La Reina Accidente vehicular (10-4) R3 BX4 Avenida Ossa y Las Aranas Bx4, https://t.co/pcnPQd83fF",-33.437,-70.574
"17:17 en La Reina Accidente vehicular (10-4) R3 BX4 Avenida Ossa y Las Aranas Bx4, https://t.co/e2Pm2sJFXa",-33.437,-70.574
"TE SIGO ESPERANDO!!!ğŸ’¥ MaÃ±ana a partir de las 15:30 en Team Beauty Wellness Center, les tenemosâ€¦ https://t.co/O3bucQyTKk",-25.299,-57.601
"UNITED COLORS OF PREVIA...Preparando los drinks de la noche. Wild hard nights!
#previa #drinksâ€¦ https://t.co/OtckywhAAG",-34.612,-58.406
Hay que hacerse un lugarcito para estar sin importar nada!!!,-37.27,-57.767
@Bautizame @967ecd93bd5d493 @Manu_Gram  ahora hay que hacerse la preg: cuÃ¡ntos comerciantes (sin conciencia) votaron a este hdp?,-27.832,-64.268
"Me irÃ­a a nadar, pero no tengo traje de baÃ±o... ğŸ˜¥ (@ Museo de Arte de Lima - MALI - @museodeartelima) https://t.co/oyZDhnelzD",-12.06,-77.037
"current weather in Ananindeua: scattered clouds, 28Â°C
78% humidity, wind 2kmh, pressure 1012mb",-1.37,-48.37
"17:17 en La Reina Accidente vehicular (10-4) R3 BX4 Avenida Ossa y Las Aranas Bx4, https://t.co/e7NXF1Dnyc",-33.437,-70.574
"17:17 en La Reina Accidente vehicular (10-4) R3 BX4 Avenida Ossa y Las Aranas Bx4, https://t.co/yctamad1nx",-33.437,-70.574
"17:17 en La Reina Accidente vehicular (10-4) R3 BX4 Avenida Ossa y Las Aranas Bx4, https://t.co/aIrZREbBtA",-33.437,-70.574
"17:17 en La Reina Accidente vehicular (10-4) R3 BX4 Avenida Ossa y Las Aranas Bx4, https://t.co/2bqWgV9KZ5",-33.437,-70.574
"17:17 en La Reina Accidente vehicular (10-4) R3 BX4 Avenida Ossa y Las Aranas Bx4, https://t.co/M32x0SsdHz",-33.437,-70.574
"17:17 en La Reina Accidente vehicular (10-4) R3 BX4 Avenida Ossa y Las Aranas Bx4, https://t.co/UfmoHhV7MA",-33.437,-70.574
"17:17 en La Reina Accidente vehicular (10-4) R3 BX4 Avenida Ossa y Las Aranas Bx4, https://t.co/q92AvmWK1N",-33.437,-70.574
"17:17 en La Reina Accidente vehicular (10-4) R3 BX4 Avenida Ossa y Las Aranas Bx4, https://t.co/jIj3bO27mX",-33.437,-70.574
"17:17 en La Reina Accidente vehicular (10-4) R3 BX4 Avenida Ossa y Las Aranas Bx4, https://t.co/5f31rDvhN3",-33.437,-70.574
"17:17 en La Reina Accidente vehicular (10-4) R3 BX4 Avenida Ossa y Las Aranas Bx4, https://t.co/PpROF7tVmq",-33.437,-70.574
"current weather in Londrina: few clouds, 19Â°C
63% humidity, wind 2kmh, pressure 1020mb",-23.31,-51.17
Feliz cumpleaÃ±os hermosa de su #tÃ­o #teamoâ¤ y no sabes las ganas queâ€¦ https://t.co/NGHlUPXOkg,-33.008,-71.55
"current weather in Teresina: few clouds, 33Â°C
52% humidity, wind 2kmh, pressure 1011mb",-5.08,-42.78
Eran las 5 de la maÃ±ana ğŸ’ª,-11.96,-77.074
"#Turkish #VintageSoul #DobleSound #Performance #tish  #Crash @ Buenos Aires, Argentina https://t.co/6JHrl8wLN3",-34.603,-58.382
"#Ciclismo #CorpusLautaro
A partir de las 12:00hs del dÃ­a de hoy se empezÃ³ una jornada a puroâ€¦ https://t.co/6vx0UO6Dgm",-27.657,-62.425
Alabada sea la siesta.. ğŸ˜ŒğŸ˜Œ,-34.688,-58.552
"Sin autotune ni nada, mi cuadernola y yo, a seguirle metiendo a ver que sale, gracias a lo q meâ€¦ https://t.co/129Rc8fBRY",-34.904,-56.204
Yo estoy escuchando @radiocorazonfm #tocaDoble mi bello Chulo @claudioalegria1 ğŸ“» @ Las condesâ€¦ https://t.co/C0KpNX8HQP,-33.413,-70.537
Escuchalo. Viernes y sÃ¡bados a las 20hs. Sabados y domingos a las 11hs. @ Posta Del Faro ClaromecÃ³ https://t.co/akx2eUr828,-38.859,-60.064
Me quede sin pulmones,-34.987,-58.376
"Desafio 30 dias fotografando!
#2 Nuvens. @ Hercilio Luz Bridge https://t.co/Nb5bOCox05",-27.593,-48.565
"Sin mirar atras, sin buscar a nadie mÃ¡s @ Trelew https://t.co/MezuLHgJE4",-43.25,-65.3
"Coro de adultos para todo pÃºblico,  con y sin experiencia en mÃºsica y canto. 

Ensamble Femeninoâ€¦ https://t.co/LoHaJ1f1gD",-0.211,-78.5
I'm at Club AtlÃ©tico Independiente https://t.co/kESzUDBlfr,-27.052,-55.634
"Cuanto se hace extraÃ±ar estÃ¡ enana ğŸ˜£ğŸ‘­â£ï¸ğŸ‘‘ @ San Francisco, Cordoba https://t.co/zalWq8i2Uk",-31.433,-62.083
"current weather in Santiago: overcast clouds, 12Â°C
76% humidity, wind 5kmh, pressure 1016mb",-33.46,-70.65
"Y agendate nuestra #fiesta!!! It's #MAUKEPARTYTIME *â™¥*
El 24 de Junio a las 21hs. en Club deâ€¦ https://t.co/BnxudGC2Ou",-34.6,-58.417
"Fun day touring a beautiful water fall. #hsyecuador2017 @ BaÃ±os, Tungurahua, Ecuador https://t.co/sj0r7eIIZe",-1.4,-78.417
Hoy es #ViernesDeCostillasO y El Cuerpo lo Sabe ğŸ˜ŠğŸ‘ğŸ¼ te esperamos a partir de las 18:30 ğŸ–ğŸ¥“ğŸ›ğŸ´ğŸºğŸ‘ŒğŸ½â€¦ https://t.co/AdUGl7wMXZ,-2.245,-79.903
"Hay un tiempo para dejar 
que las cosas sucedan, y un tiempo 
para hacerâ€‹ que las cosasâ€¦ https://t.co/W2tv1NU5Ey",-31.4,-64.183
"âœˆï¸âœˆï¸ (@ Check-in American Airlines - @americanair in Rio de Janeiro, RJ) https://t.co/4tSFnQIzT8",-22.815,-43.245
"AMiGACHA ""FELIZ  40 PIRULOS!!! SEÃ‘ORA DE LAS CUATRO DECADAS!!! TE KIEROÃ“OOO MUCHIOOO @ CÃ³rdoba,â€¦ https://t.co/OmnNNX2T8f",-31.4,-64.183
Â¿De cuÃ¡nto fue la inflaciÃ³n en mayo segÃºn las consultoras privadas? https://t.co/hHBY6k4Yjv,-34.594,-58.392
@DannAlves8 #shooting #male #malemodel #ensaiomasculino #ensaio #estudiorogeriocunhaâ€¦ https://t.co/ncP8j6Nbxj,-23.547,-46.658
"Feliz #DiaDelBomberoVoluntario a todos quienes arriesgan su vida por la de los demÃ¡s, sin pedir nada a cambio @bomberosRA @BomberosFund",-38.026,-57.532
@MariaOfeliaa013 yo ni hablÃ³ por las dudas igual jajajaja,-28.55,-56.051
SÃ³ avisando !! ğŸ™mÃ£e tÃ´ de olho na senhora viu !! Kkkkkkk @ EVS Delta Progresso https://t.co/WUuiGRTZrm,-8.059,-34.891
El mayor nÃºmero de Tendencias en CÃ³rdoba para el miÃ©rcoles 31 tuvo lugar a las 20 horas: https://t.co/nNhXUvl3LF https://t.co/YwMw7MC3pG,-31.39,-64.203
Â¿Quieres conocer cuÃ¡les fueron las 146 Tendencias del miÃ©rcoles 31 en PerÃº? https://t.co/GWKVIhOiZQ #trndnl,-12.044,-77.021
"current weather in Natal: broken clouds, 24Â°C
100% humidity, wind 3kmh, pressure 1014mb",-5.8,-35.23
"â’ #BuenMiercoles
â’ #LaQuerianPresa
â’ Fede Bal
â’ Lollo
â’‘ AtlÃ©tico

2017/6/1 05:52 -03 #trndnl https://t.co/Zdrt4tAWye",-34.608,-58.373
"#buenosdias #deus #junio #amenğŸ™Œ @ Las PeÃ±as, Guayas, Ecuador https://t.co/OX4dpCaU9A",-1.767,-79.917
"current weather in Contagem: few clouds, 12Â°C
93% humidity, wind 1kmh, pressure 925mb",-19.96,-44.03
Emiliano DÃ­az' apareciÃ³ el miÃ©rcoles 31 ocupando el 3Âº lugar del Top20 en las Tendencias de Argentina: https://t.co/BljGZG7VGS #trndnl,-34.608,-58.373
"current weather in Belo Horizonte: few clouds, 12Â°C
93% humidity, wind 1kmh, pressure 925mb",-19.9,-43.96
"Llegamos al trabajo y a un compaÃ±ero no lo dejan ingresar,despido sin causa,ahora paramos la fabrica asta su reincorporaciÃ³n.",-34.722,-58.329
El mayor nÃºmero de Tendencias en CÃ³rdoba para el miÃ©rcoles 31 tuvo lugar a las 20 horas: https://t.co/nNhXUvl3LF https://t.co/2wRz1PGoOX,-31.39,-64.203
"Dice Estela de Carlotto, que sÃ­ pudieron con Videla, van a poder con Macri.
SÃ­ nosotros pudimos con los k, podemos con las viejas chorras.",-34.451,-58.631
"current weather in Ananindeua: clear sky, 24Â°C
94% humidity, wind 2kmh, pressure 1013mb",-1.37,-48.37
"MirÃ¡ quiÃ©n es la mujer a la que Cubero le pone ""me gusta"" en todas las fotos https://t.co/NJRq76rdhv",-34.594,-58.392
"current weather in Curitiba: broken clouds, 16Â°C
55% humidity, wind 10kmh, pressure 1015mb",-25.46,-49.28
"En Bella Vista, predio comercial, se usa tecnologÃ­a generada por INIA como DEP para facilidad de parto https://t.co/3IbmD02qnj",-31.738,-55.979
"""Por muy larga que sea la tormenta, el Sol siempre vuelve a brillarâ€¦ https://t.co/9W4n4EuUiO",-27.722,-64.259
"Preparando Cursos 2017!!! (@ Universidad del PacÃ­fico - @upacificochile in Las Condes, RegiÃ³n Metropolitana) https://t.co/5ZrEYRqCLd",-33.379,-70.528
ğŸ“ˆ Netflix cancelÃ³ Sense8 https://t.co/clEQChYMd6,-34.608,-58.373
"current weather in Teresina: clear sky, 29Â°C
64% humidity, wind 3kmh, pressure 1010mb",-5.08,-42.78
Cuenta la leyenda que han pasado 3 aÃ±os de este dÃ­a y aÃºn tengo lasâ€¦ https://t.co/er7xrJKwhT,-34.563,-58.458
"current weather in Osasco: broken clouds, 22Â°C
82% humidity, wind 5kmh, pressure 1017mb",-23.53,-46.79
Detalhes do por-do-sol em Sampa #weather #saopaulo #winter #ameniplan #amenimarioâ€¦ https://t.co/OmyAPGAieh,-23.55,-46.633
"No basta amar a los niÃ±os, es preciso que ellos se den cuenta queâ€¦ https://t.co/6LhQgH9c2L",0.134,-79.401
"Sin filtro @ Ameghino, Buenos Aires, Argentina https://t.co/l25BxT1psp",-34.833,-62.45
"El hashtag #DÃ­aMundialSinTabaco ocupÃ³ el miÃ©rcoles 31, la 4Âª posiciÃ³n en el Top20 de las Tendencias de CÃ³rdoba: https://t.co/nNhXUvl3LF",-31.39,-64.203
17:30hs. Sin filtro. @ Los Tamariscos San Antonio Oeste Rio Negro https://t.co/VBD526zvm5,-40.736,-64.949
"âœ‚ï¸Degradado y lÃ­nea ğŸ’ˆ
âœ‚ï¸Sin filtro ğŸ’ˆ

#barberpasion #barbermundialğŸŒğŸŒğŸŒğŸŒ #barberuruguayâ€¦ https://t.co/SWNhVgp5ws",-34.745,-56.057
"current weather in Rosario: clear sky, 16Â°C
55% humidity, wind 2kmh, pressure 1019mb",-32.95,-60.66
"Como no amarte amigaa, siempre asÃ­ de juntas ğŸ˜™ğŸ˜„ @ AtlÃ¡ntida,â€¦ https://t.co/ORzSbZ06b8",-34.767,-55.75
No hay vez (y ya es regla a estas alturas) que no vuelva del cÃ³ctel TOP 1 ğŸ†de la UP sin conocerâ€¦ https://t.co/ZU9jmUnDqD,-34.598,-58.416
"~GefÃ¤hrlich ist wer Schmerzen kennt, vom Feuer das den Geist verbrennt~ #FeuerFrei @ Generalâ€¦ https://t.co/ofksbmlY6q",-32.183,-60.2
"Me aburro (@ Paseo de las Margaritas in San Lorenzo, Central) https://t.co/YWxtiNwGsW",-25.347,-57.513
"Ella es la mina ;) @ General Las Heras, Buenos Aires https://t.co/mYjj3cXsL8",-34.93,-58.953
"Encima una andan con las camisetas jjjjaj 

CHAMPIONS TBT

#MTVINSTAARVIGNA
#PREMIOSMTVMIAW",-26.797,-65.223
Seamos felices siempre! Que los cumplas muy feliz amiguita. Las fts viejas son consecuencia d haber roto mi celularğŸ˜’ https://t.co/VN4D8jMIL2,-34.865,-58.033
"Porque hasta de niÃ±o era un gruÃ±Ã³n! ğŸ˜¤ğŸ˜¬ @ Guayaquil, Ecuador https://t.co/D5CeJ4ZWSm",-2.183,-79.883
17:16 en Huechuraba Rescate de personas (10-3-1) R-6 Carlos Aguirre Luco y Las Siervos de MarÃ­a https://t.co/MS2nmjfQe5,-33.375,-70.64
17:16 en Huechuraba Rescate de personas (10-3-1) R-6 Carlos Aguirre Luco y Las Siervos de MarÃ­a https://t.co/4H2qSkaamL,-33.375,-70.64
17:16 en Huechuraba Rescate de personas (10-3-1) R-6 Carlos Aguirre Luco y Las Siervos de MarÃ­a https://t.co/NIl7eipR7e,-33.375,-70.64
17:16 en Huechuraba Rescate de personas (10-3-1) R-6 Carlos Aguirre Luco y Las Siervos de MarÃ­a https://t.co/HNZWsLjmzX,-33.375,-70.64
17:16 en Huechuraba Rescate de personas (10-3-1) R-6 Carlos Aguirre Luco y Las Siervos de MarÃ­a https://t.co/uRsRkfG3sC,-33.375,-70.64
"current weather in Belem: scattered clouds, 29Â°C
79% humidity, wind 3kmh, pressure 1011mb",-1.45,-48.5
17:16 en Huechuraba Rescate de personas (10-3-1) R-6 Carlos Aguirre Luco y Las Siervos de MarÃ­a https://t.co/PTbayk5CzF,-33.375,-70.64
17:16 en Huechuraba Rescate de personas (10-3-1) R-6 Carlos Aguirre Luco y Las Siervos de MarÃ­a https://t.co/JXeuhNpc7w,-33.375,-70.64
17:16 en Huechuraba Rescate de personas (10-3-1) R-6 Carlos Aguirre Luco y Las Siervos de MarÃ­a https://t.co/JlwREl6zca,-33.375,-70.64
17:16 en Huechuraba Rescate de personas (10-3-1) R-6 Carlos Aguirre Luco y Las Siervos de MarÃ­a https://t.co/2ooCekIyPN,-33.375,-70.64
17:16 en Huechuraba Rescate de personas (10-3-1) R-6 Carlos Aguirre Luco y Las Siervos de MarÃ­a https://t.co/RkrEeeMjN2,-33.375,-70.64
17:16 en Huechuraba Rescate de personas (10-3-1) R-6 Carlos Aguirre Luco y Las Siervos de MarÃ­a https://t.co/AyupPAjVmF,-33.375,-70.64
17:16 en Huechuraba Rescate de personas (10-3-1) R-6 Carlos Aguirre Luco y Las Siervos de MarÃ­a https://t.co/bhTQUXVyUu,-33.375,-70.64
17:16 en Huechuraba Rescate de personas (10-3-1) R-6 Carlos Aguirre Luco y Las Siervos de MarÃ­a https://t.co/6CXqaX7m24,-33.375,-70.64
"Que paja (at @AltoLasCondes in Las Condes, RegiÃ³n Metropolitana) https://t.co/gkAEND8YZL",-33.391,-70.546
"Outback chopp
#freezing #outback #chopp @ Outback Brasil https://t.co/XuH6h4QfKM",-22.892,-47.028
"Se las quiere mucho!! ğŸ˜ @ Florida, Buenos Aires https://t.co/EwTLkinlZc",-34.517,-58.5
"Recordando una de las primeras #sonoterapia  a beneficios del tour de los milagros, realizada enâ€¦ https://t.co/lDImSfC7SM",-33.008,-71.52
"Mi rincÃ³n del mundo, sin este lugar no podrÃ­a vivir, si me voy volverÃ­a sin dudar... @ San JosÃ©â€¦ https://t.co/h9shhZmpC6",-31.6,-60.583
Era hora que icardi sea convocado a la seleccion,-34.708,-58.422
"current weather in Salta: clear sky, 18Â°C
65% humidity, wind 3kmh, pressure 1007mb",-24.2,-63.25
El mayor nÃºmero de Tendencias en Ecuador para el miÃ©rcoles 31 tuvo lugar a las 18 horas: https://t.co/5Zrz3rG4vj https://t.co/0xYGTfGn4C,-1.79,-78.096
"@elnacionalec -Gracias equipo por todas las alegrÃ­as que me han dado, A pesar de nuestro mal momento siempre te apoâ€¦ https://t.co/74lydkLsYN",-0.058,-78.319
"Podemos dar pasos pequeÃ±os, pero con Dios son pasos segurosâ¤

Contigo Todo.â˜†
Sin tiâ€¦ https://t.co/kSmWvq0KyN",-17.79,-63.186
"ImÃ¡genes de una de las ciudades mÃ¡s reservadas que he visitado,â€¦ https://t.co/X4MiSGtWg9",-26.2,-56.75
"â€¢ sea, sand and sun â€¢ @ Cassino, Rio Grande Do Sul, Brazil https://t.co/bE96VsCFaQ",-32.183,-52.167
"Luego de la Jornada Institucional del #PNFS en el #DeodoroRoca, las mÃ¡s pulentas nos juimos deâ€¦ https://t.co/OCQsBchTa1",-31.451,-64.176
Vuelta al trabajo!! #jezreelconstructora #diseÃ±o #saladeventas #upc #construccion @ Lasâ€¦ https://t.co/u2gDQZuYGu,-33.423,-70.559
"I'm at Campo Riviera AtlÃ©tico Clube in Belo Horizonte, Minas Gerais https://t.co/hfQ9mJ8CRs",-19.909,-43.89
#hoyseentrena con o sin neblina #escuela de  #Atletismo #madredelpueblo #BuenosAires #bajofloresâ€¦ https://t.co/VV6oeLlOjY,-34.636,-58.424
"I'm at Land Spirit in Belo Horizonte, Brazil w/ @alissonjuniosa3 @shellon_ @watchatchara61 @donfabron @valtenifarias https://t.co/6pNrFcTdRw",-19.917,-43.934
"Las mejores, no me puedo quejarğŸ’œ @ Florencio Varela, Buenos Aires https://t.co/AP3rlfrL1e",-34.791,-58.275
Terminando las manzanas de agroindustria. Al estilo de PerÃº!!! #ceviche #cevicheperuanoâ€¦ https://t.co/EzcNPYCQVO,-32.633,-70.733
"mis manos se crisparon, mi pecho las contuvo, su boca que reÃ­a yo no pude matar. https://t.co/JGOPho8SbD",-34.782,-58.34
"current weather in Santiago: clear sky, 17Â°C
45% humidity, wind 2kmh, pressure 1017mb",-33.46,-70.65
"CUANDO TE SEPARAN , CMO LAS ESFERA DEL DRAGON ASI JAJA 
#MSPâ€¦ https://t.co/JoY1aV4pPJ",-2.212,-79.93
No podÃ­a terminar el dÃ­a sin subir algo aquÃ­. Feliz mayorÃ­a de edad ğŸ’— @ Feliz Cumple https://t.co/HN8Ia3VT4k,-31.411,-57.97
Las amooo @candas0709  @rochiispina â¤â¤ @ Villa Martelli https://t.co/szlCEMclEs,-34.55,-58.508
"current weather in Cochabamba: clear sky, 24Â°C
6% humidity, wind 1kmh, pressure 1022mb",-17.38,-66.17
"current weather in Manaus: few clouds, 30Â°C
70% humidity, wind 2kmh, pressure 1010mb",-3.12,-60.02
Sin quejas ğŸ’˜,-27.407,-55.903
Bendita Sea #cuotassininteres #jeans #jeansdenim #denim #lana #tejidos #sacos #capa #capasâ€¦ https://t.co/X29IYg2eBY,-34.565,-59.118
"Las situaciones de la vida. w/ @aerdna (@ USMP - Facultad de Ciencias de la ComunicaciÃ³n, Turismo y PsicologÃ­a) https://t.co/EMhrT32424",-12.105,-77.017
Estamos a mitad de aÃ±o y yo sigo sin empezar la supuesta rutina que tenia planeada hacer en todo el aÃ±o,-33.883,-60.564
Que saudade que eu tava desse lugar ğŸ˜ (@ Aeroporto Internacional do Rio de Janeiro / GaleÃ£o (GIG) - @riogaleao) https://t.co/8pBjzZ6dDN,-22.814,-43.25
SÃ³lo las mujeres entienden lo lindo que se siento y como te levanta el humor ir a comprarse ropa cuando estas un tok bajon.,-33.751,-61.953
"@CNNChile invita a la Ameba de Eugenio GuzmÃ¡n, UDI hasta las patas, a hablar contra Bachelet",-33.431,-70.589
Las ganas de volver!!!!! ğŸ’‘ğŸŒŠğŸ˜â›± https://t.co/y0HgtxiWu1,-29.883,-61.937
"CuÃ¡l atardecer? ğŸ˜ @ Las Cascadas, X Region De Los Lagos https://t.co/BgUJsFphT7",-41.102,-72.631
"Vuelven los ğŸ”Š #JUEVES
de las mejores #Alitas ğŸ—ğŸ—
en #Rolingsâ€¦ https://t.co/mharI6vGoP",-2.166,-79.911
Me tengo que hacer un tiempo si o si. Las extraÃ±o,-27.393,-55.901
"Pasito a pasito, suave suavecito, vamos avanzandoğŸ¤¸ğŸ»â€â™€ï¸ğŸ¤¸ğŸ»â€â™€ï¸ğŸ¤¸ğŸ»â€â™€ï¸, las mejores risas, gracias porâ€¦ https://t.co/bh46jBqTnQ",-34.612,-58.48
"current weather in Osasco: broken clouds, 23Â°C
72% humidity, wind 8kmh, pressure 1017mb",-23.53,-46.79
MaÃ±ana desde las 19 hs en #espaciomoebius muestra y presentaciÃ³n de #lafuentedelascagadas deâ€¦ https://t.co/VaQyRmpB4G,-34.604,-58.418
"Playa de Tarqui-MantağŸŒ†ğŸŒŠğŸŒ‡
#manta #manabi #ecuador #sunset #beach #sun #sky #sea #sand #cloudsâ€¦ https://t.co/dkmFgCeEzI",-0.95,-80.713
Os amigos de Glock com o pente de trinta,-22.726,-43.535
"current weather in Nova Iguacu: clear sky, 29Â°C
61% humidity, wind 2kmh, pressure 1010mb",-22.75,-43.5
"Sigo sin saber que querÃ­a hacer @ Pilar, Buenos Aires https://t.co/fqhKEp0t7A",-34.484,-58.932
â­ï¸ tijucaneja  #tbt â­ï¸ @ AABB-AssociaÃ§Ã£o AtlÃ©tica Banco do Brasil Tijuca https://t.co/9xzq5abkHH,-22.919,-43.214
"1era sesiÃ³n de biomagnetismo ğŸ’ªğŸ¼ (@ Ohani in Las Condes, Santiago Metropolitan Region) https://t.co/lYx2oHRwr4",-33.414,-70.58
"current weather in Curitiba: broken clouds, 15Â°C
59% humidity, wind 6kmh, pressure 1015mb",-25.46,-49.28
"current weather in Campinas: light rain, 19Â°C
100% humidity, wind 4kmh, pressure 960mb",-22.89,-47.17
EstarÃ¡ pasando la 509 por acÃ¡? SerÃ¡ que ya me quedÃ© sin micro? CC @Transantiago (@ Paradero PA86) https://t.co/yCNEZKkyy3,-33.445,-70.657
Te regalo las ojeras que tengo ğŸ˜,-31.64,-60.706
"No se escuchan las palmas, no se escuchan lasâ€¦ https://t.co/BxqpNcJf1l",-34.5,-58.75
Las genias de Ivi y Pau de sochorivegan pasaron por #CCC2017 y nosâ€¦ https://t.co/IIW3b3710x,-34.558,-58.465
Hoy a las 16 hs. Todxs invitadxs. @ Facultad de Derecho UNCUYO https://t.co/YnJ5qPg5Mk,-32.878,-68.875
"I'm at Parque Arauco in Las Condes, RegiÃ³n Metropolitana https://t.co/3sH3AwoSWk",-33.402,-70.579
@triatlonecu feliz dÃ­a mis niÃ±os nadadores club Rancho San Francisco. TambiÃ©n agradecerles susâ€¦ https://t.co/8gRayvEv0K,-0.199,-78.437
"current weather in Belem: broken clouds, 30Â°C
70% humidity, wind 3kmh, pressure 1014mb",-1.45,-48.5
"El gordo felipe. Viejo gruÃ±Ã³n. Ph: @antolopresto @ Olivos, Buenos Aires https://t.co/r1RHEvoUSV",-34.5,-58.483
I'm at CDG https://t.co/w12v7eDBNC,-23.599,-46.783
Trabajando con todo para nuestras socias y socios! Pronto les contaremos las novedades que tenemos para Uds ;) https://t.co/A8aBDY45y7,-36.829,-73.037