Ich starte heute den Juni in der @umBAUbar mit der Mashup Manufaktur &amp; in den kommenden Wochenâ€¦ https://t.co/4Ad6OkgqWg,53.141,8.22
"Main Draw #boys #womens #moscow3star #fivb #worldtour #beachvolleyball @ Moscow, Russia https://t.co/4snlp5Vhoz",55.752,37.616
I can't even express how happy I was that this one made it into the water today. So much betterâ€¦ https://t.co/uH7vNHdM7P,38.919,1.46
We are spirits clad in veils. #flight #intheair #quote Powered by @enamulhoque #enamul.co.uk @â€¦ https://t.co/3V7QMyCOiw,25.252,55.28
"current weather in Oslo: broken clouds, 9Â°C
69% humidity, wind 1kmh, pressure 1001mb",59.92,10.78
Leeds was the city of United Kingdom with more Trends on Thursday 1: https://t.co/7IY9yV7WTA #trndnl,51.506,-0.127
Temp: 15.7Â°C Wind: 0.7mph Pressure: 1018.6hpa Falling slowly Rain Today: 0.0mm.  Forecast: Fine weather,54.961,1.492
#vincenzogiacchino #food #pomodorini #padella #sicily #videooftheday #redâ€¦ https://t.co/84j0p6PqpO,38.117,13.367
"Ä°ftar at new location in Fra (@ Medina - Steaks&amp;More in Frankfurt, Hessen) https://t.co/yw1zrmCupM",50.112,8.686
Drinking a Trappistes Rochefort 8 by Abbaye Notre-Dame de Saint-Rmy @ Dirk van den Broek â€” https://t.co/g24HbGuLRJ #photo,51.918,4.418
ÎœÎ±Ï„Ï‚ ÎœÎ¿Ï…Ï„Ï‚ ğŸ˜˜ğŸ˜˜ğŸ˜˜ @ Sin mens CLUB https://t.co/XCqV9E17uj,37.973,23.661
â­ï¸â­ï¸Ã‡EKÄ°LÄ°Å YOK KURA YOK â­ï¸â­ï¸SAYFASINDA BU Ä°LANI PAYLAÅAN HERKESE boutique la miel denâ€¦ https://t.co/OouhLZBNNL,41.058,28.955
"I'm at Yemen Kahvesi in KarabÃ¼k 100.yÄ±l, KarabÃ¼k https://t.co/qayCvUCPis",41.218,32.668
Had an absolute blast in my first ever Open Water race atâ€¦ https://t.co/Chi36mXF3s,39.322,2.985
"The tweet with the most impact of the #onlyin9ja Trend, was published by @badgalmaddie_: https://t.co/uWlSKq7QER (107 RTs) #trndnl",9.085,8.674
When Friday football isn't on what happens... You have a gym workoutâ€¦ https://t.co/8ZO6uoNH4C,51.371,0.595
"I'm at Pick yo - sea view in AbÅ« á¸¨ulayfah, Al Aá¸©madÄ« https://t.co/9WGpGJvksD",29.137,48.131
"å¤©ç©ºã«ã„ã‚‹ã€‚æ˜ŸãŒåŸæ±å³°
#shodoshima 
#oliveyh 
#oliveyh_mp 
#sea 
#mountain 
#å°è±†å³¶ã§ã™ã€‚ @ å¯’éœæ¸“ https://t.co/q11Z2kkkz9",34.352,134.156
MaÃ§ var dediler geldik (@ OLEA Football Park HalÄ± Saha Tesisleri in Denizli) https://t.co/tcsmEZH9Z8,37.743,29.091
"KÃ¶prÃ¼den Ã¶nceki son Ã§Ä±kÄ±ÅŸâœŒğŸ¼ (@ BÃ¼yÃ¼k Ä°stanbul OtogarÄ± in BayrampaÅŸa, Istanbul) https://t.co/Awfw1jQlDP",41.041,28.894
"I'm gonna pass the fuck out on this 10 hour plane to Alaska..
Been awake for 34 hrs! Can we board this metal thing already..",26.349,127.77
Nieuws: Inpassingsplan Uiterwaarden Zwarte Water en Vecht ter inzage https://t.co/OZrJBCW1VA,52.51,6.104
"Evening walk over SPt @ Saint Petersburg, Russia https://t.co/xvT8rRT6i5",59.95,30.317
"Ğ•Ñ‰Ñ‘ Ñ‡ÑƒÑ‚ÑŒ-Ñ‡ÑƒÑ‚ÑŒ ""Ñ‚Ñ€Ğ¾Ğ¿Ğ¸Ñ‡ĞµÑĞºĞ¾Ğ¹"" ĞšĞ°Ğ·Ğ°Ğ½Ğ¸ 
âœ¨ğŸŒ´âœ¨ğŸŒ 
. 
30.05.2017 Kazan, Russia
#stasich116 #natgeoruâ€¦ https://t.co/j5cJdO3CEa",55.781,49.097
Feestje #guus #zomerspektakel @ Alphen aan den Rijn https://t.co/DfEMKMPCVY,52.133,4.65
Too many memories ğŸ˜‚ (@ Ice Land Mall in Jeddah) https://t.co/xWnhL0gzzx,21.598,39.144
ğŸ† @chelseafc âš½ï¸ğŸ”µâšªï¸ #football #stamfordbridge #retirada #londonâ€¦ https://t.co/IytTrGypmN,51.48,-0.192
"DE â€” Ein Glas Wein kann SchÃ¤den durch Zigaretten deutlich reduzieren -Â Im Wein liegt die Wahrheit, lautet ein altesâ€¦ https://t.co/uhKjJR0d2S",52.528,13.429
"Water scarcity threatens 3,800 IDPs from Cameroon â€“ Oxfam https://t.co/ZsJxINltRo",6.472,3.395
Night out #drinks #friends #mydubai #DXB #Downtown #dubai (at @Kanpai_dubai) https://t.co/4DBG3usQ7r,25.194,55.277
"â’ˆ Manchester United
â’‰ #TelAviv
â’Š West Bank
â’‹ Cristiano Ronaldo
â’Œ #WonderWoman

2017/6/2 23:14 IDT #trndnl https://t.co/Fx5RhnJKes",31.389,35.361
"#Nike sorry ğŸ˜ @ Zheleznogorsk, Kurskaya Oblast', Russia https://t.co/Dt1mm6DLp9",52.337,35.361
"view#top#32
floor#big#window#project#international#bahrainğŸ‡§ğŸ‡­#bin#faqhee#white#paper#media#directoâ€¦ https://t.co/frhA5BOQ98",26.217,50.583
I'm at Kuwait Cancer Control Centre https://t.co/AbXSP6WFxh,29.325,47.903
#Icebar #Amsterdam @ The Ice Bar Amsterdam https://t.co/rnAaPDERkt,52.366,4.9
Insalata di pollo. #chicken #salad #chickensalad #insalata #pollo #chickenlover #food #foodpornâ€¦ https://t.co/fFJSEgrqhf,44.306,8.482
#atmospheric morning on #lakeinle #myanmar Burma photography tours with allpointseastâ€¦ https://t.co/8SN7P3o4uA,20.55,96.917
Protest as the meat of politics -the stupendously spun Street Hassle by #louisbenassi - weightyâ€¦ https://t.co/mrAykqXbTE,51.504,-0.099
https://t.co/B9Irt9lhvt Temp: 16.1Â°C Wind:0.0mph Pressure: 1017.0mb Falling slowly Rain Today 8.7mm Hum 83% Fc: Fine weather,51.972,0.781
Heacham Weather:Temp=17.1C &amp; is Falling.Low=15.1C &amp; high=27.3C.Pressure=1015.1mb &amp; is Falling.Wind=0.0mph SW &amp; gust 4.5mph.Rain today=1.2mm.,52.909,0.479
"current weather in Matsuyama: few clouds, 14Â°C
71% humidity, wind 3kmh, pressure 1007mb",33.85,132.81
"@Conservatives @BorisJohnson If the Tories win, Boris and Davies will be in charge of Brexit?",52.372,4.871
GenÃ§ler buradaki imam teravihi jet hÄ±zÄ±nda kÄ±ldÄ±rÄ±yor benden sÃ¶ylemesi ğŸ˜‚ â¡ï¸ yer: emek kÃ¶ÅŸe camii,39.932,32.821
"Ø¨ÙÙ„ÙŠØª Ø¨Ùƒ ÙˆØ§Ù†ØªÙ‡Ù‰ Ø£Ù…Ø±ÙÙŠ Ø›
ÙÙ…Ù‘Ø§ Ø£Ù†Øª Ø¥Ù„Ø§ Ø£Ù„Ø°Ù‘ Ø¨Ù„Ø§Ø¡ ØŒ
#Ù‚Ù‡ÙˆØªÙŠ ğŸ˜ @ Mega mall,sharjah United Arabâ€¦ https://t.co/Oy1YymuhI7",25.345,55.399
Map of the testimonies received so far following the #earthquake M3.4 in Switzerland 44 min ago https://t.co/lcKw6J7nHe,46.27,7.29
Flight club ğŸ¯ @ Flight Club Shoreditch https://t.co/lJuWqRFMug,51.522,-0.086
It's all go in BoS #bermondsey #londonğŸ‡¬ğŸ‡§ @ Tower Bridge https://t.co/MWBXrqEUmv,51.505,-0.076
From Russia with love #travel on business and bring #sleepfuel along the way. #saintpetersburgâ€¦ https://t.co/9ZhSlhh2GV,59.94,30.314
"#Ğ·Ğ°Ğ³Ğ°Ğ´Ğ°ĞµĞ¼Ğ¶ĞµĞ»Ğ°Ğ½Ğ¸Ğµ ğŸ’­Ğ¸ #Ğ·Ğ°Ğ´ÑƒĞµĞ¼ÑĞ²ĞµÑ‡Ğ¸ ğŸŒ¬ğŸ‚ğŸ¦„#Ğ¼ĞµÑ‡Ñ‚Ñ‹Ğ¾Ğ±ÑĞ·Ğ°Ñ‚ĞµĞ»ÑŒĞ½Ğ¾ÑĞ±ÑƒĞ´ÑƒÑ‚ÑÑ ğŸ™ğŸ™ˆğŸ˜» @ Solntsevo, Moskva, Russia https://t.co/tclXTMJME9",55.646,37.404
"Wen u smile ugliness can never be ur friend... @ Abu Dhabi,Uhited Arab Emirates https://t.co/nqyCHjI5XK",24.485,54.354
"Ã‡ocukluÄŸumda dedemle Sirkeci'den BalÄ±k EkmekÃ§ilere gidip palamut yerdik. Ekmek tazeydi, bolâ€¦ https://t.co/Ka548QdZjx",41.017,28.975
Das haut den stÃ¤rksten Paul um. ğŸ‘ğŸ¼ - Drinking an elbPaul Doppelbock @ Kiel - https://t.co/Hz77eVuxCQ #photo,54.322,10.137
"w/sinem,selman,selim,Ã¶mer (@ Yemen Kahvesi in BartÄ±n w/ @muzeyyentopuzz) https://t.co/p0FSd05AaJ https://t.co/X9OoKB7A0I",41.635,32.337
Ice cream break ğŸ¦ğŸ§ Happy 1st of June ğŸ˜ƒğŸ½ #ccmbuddies #elaitph #happinessinacup @ Elait https://t.co/HFa3pnxmfQ,14.565,121.029
"â’ Kenyans
â’ Manchester United
â’ Syokimau
â’ Juventus
â’‘ Lamu

2017/6/2 07:32 EAT #trndnl https://t.co/6AyDQDZQ89",-0.024,37.904
"ğŸš‚ #IC2105 BRUXELLES-MIDI (Belgium)-LUX
Arrival 8:51
has a short delay
#CFL50",49.599,6.133
"current weather in Pontianak: broken clouds, 28Â°C
78% humidity, wind 4kmh, pressure 1012mb",-0.07,109.36
Cool for the summer ğŸ’‹ğŸŒŠğŸ™‹ğŸ¼#lastminutesummerğŸŒğŸ‘™ @ Midori Ice-Cold Resort https://t.co/Nub3vajCUl,6.956,125.48
Sting - 57th &amp; 9th Tour #MÃ¼nchen #Sting #Tour #Pakete #Early #Entry #PackageSting #Ticket #PackagePresented #Live https://t.co/j1UBrZbma2,48.174,11.545
"Idly 

#food #foodie #idli #foodporn #foodpic #eat @ Mr and Mrs Idly Wakad https://t.co/93cqJY6eMG",18.603,73.765
"current weather in Algiers: few clouds, 19Â°C
93% humidity, wind 3kmh, pressure 1016mb",36.77,3.03
#Intercity 1174 (V 22:08 van Den Haag HS) naar Den Haag Centraal is 5 minuten vertraagd.,52.07,4.323
"ã€05:00æ™‚ç‚¹ 16.1â„ƒ 57ï¼…ã€‘
16.3~14.4â„ƒ
ï¼ç¦å³¶çœŒç¦å³¶å¸‚ #fukushima #ç¦å³¶ https://t.co/RPf7QlnBmD",37.758,140.47
Japanese Football Association ğŸ‡¯ğŸ‡µ @ æ±äº¬ãƒ‰ãƒ¼ãƒ  https://t.co/sKy7ZKj2w4,35.705,139.752
"I'm at Yemen Kahvesi in KarabÃ¼k 100.yÄ±l, KarabÃ¼k https://t.co/KSFL6pgkFF",41.218,32.668
I'm at EntrepÃ´t Lafayette in Oostende https://t.co/O232rnXEt0,51.232,2.914
"#17805
Chuvashia Republic, Russia, 429540
map: https://t.co/FGIN7WyQj3 https://t.co/FApsQYVnUw",56.051,46.707
"Heybridge Weather 02/06/17 at 21:04 Temp 16.5C, 24hr rain 3.9mm, Pressure 1017.7mb, WindW 0.0mph",51.745,0.696
I had pushed a friend to get a Rolex then the DJ played Bazokizo and I ran mad!!! @collinsmajale #TheFusion @bygtimUG,0.325,32.566
#Intercity 1116 (V 7:38 van Den Haag HS) naar Den Haag Centraal rijdt vandaag niet. #fail Geld terug? Zie https://t.co/wQfqoWuNi2,52.07,4.323
#Intercity 1116 (V 7:18 van Rotterdam) naar Den Haag Centraal rijdt vandaag niet. #fail Geld terug? Zie https://t.co/wQfqoWuNi2,51.925,4.469
GLI EFFETTI DI OCCIDENTALI'S KARMA SU MIA MADRE | Matt &amp; Bise https://t.co/k2L1oXXocd,41.929,12.363
"Limestone sea-stacks! Or ""rauks"" as the locals call 'em. ğŸ‡¸ğŸ‡ªğŸ #gotland #fÃ¥rÃ¶ #sweden #rauk @ FÃ¥rÃ¶â€¦ https://t.co/XsVMtXbCxf",57.964,19.081
"I'm at Mali's Corner in Setapak, Kuala Lumpur https://t.co/Dhps9lgpqr",3.212,101.729
"current weather in Goteborg: overcast clouds, 12Â°C
66% humidity, wind 1kmh, pressure 1018mb",57.7,11.97
HazÄ±rlÄ±klar baÅŸlasÄ±n.ğŸğŸğŸ yarÄ±n ÅŸampiyonluÄŸu kutlayacaÄŸÄ±z. â­ï¸â­ï¸ğŸŒŸ#ÅampiyonBeÅŸiktaÅŸ #BeÅŸiktaÅŸÄ±nMaÃ§Ä±Var https://t.co/AMOW8DuWxR,37.32,42.181
#peschici #gargano #sea #blue #cinemagargano @Daniela_sun @igersfoggia volgofoggia_â€¦ https://t.co/8p5iBUVdJr,41.95,16.017
"Where is your next adventure?
#palmbeachtravel #luxurytravel #beach #mountains #europe #africaâ€¦ https://t.co/vGxBoOcm9b",1.817,73.405
"A 5.1 magnitude earthquake occurred in Ryukyu Islands, Japan. Details: https://t.co/v4mAwFzrKa Map: https://t.co/mBcRvBUaMZ",24.327,126.213
"Ğ•Ñ‰Ğµ Ğ½Ğµ Ğ¼Ğ½Ğ¾Ğ³Ğ¾ #atdanceshow ğŸ”¥
â€¢
â€¢
â€¢
#hollymolly #missworld #hollabackgirl #ÑÑ‚Ğ°Ñ @ Engels, Russia https://t.co/0EEKGxd6eq",51.483,46.117
"Wetzlar Old Bridge 1288

#wetzlar #germany #leica @ Wetzlar, Germany https://t.co/1wpGMTZ8sC",50.55,8.5
Indias got talent grand finale #hunarhipehchanhaiğŸ‘ğŸ‘ğŸ‘ğŸ‘ #shootingâ€¦ https://t.co/w0QSF6bUyO,19.161,72.886
"#TB to my birthday, missing this beautiful city ğŸ˜© #Rome #Italy #piazzasanpietro #Vatican â¤ï¸ @â€¦ https://t.co/sZmWOTZkvC",41.903,12.458
#koktail #lillet #food https://t.co/GLvfuy89H9,52.144,23.683
"I'm at Yemen Kahvesi in KarabÃ¼k 100.yÄ±l, KarabÃ¼k w/ @ceriicess https://t.co/xl0aPw5kks",41.218,32.668
"I'm at Platinuim Football Field in Kuwait City, Al Asimah https://t.co/qnW9moDs0A",29.391,47.99
One of the best pieces Iâ€™ve heard on Mad Max: Fury Road and what makes it so good. https://t.co/bD8YhV6aIC,52.464,13.443
#blue #sea #peschici #gargano #cinemagargano @parcogargano @Daniela_sun @igersfoggiaâ€¦ https://t.co/FKeLcaLnbH,41.95,16.017
#food #pornfood #foodporn #foodie #foodgasm #foodpics #foodpics #foods #foodphotographyâ€¦ https://t.co/rH4L03l27H,41.619,15.911
"Zuhause ankommen und #burgerheart testen. ğŸ‘
#burger #food #foodporn #instafood #yummy #hamburgerâ€¦ https://t.co/22lwRLUomW",48.397,9.986
"Everyone enjoys our ice cream at #DreamlandMargate 
Pop down and see our lovingly restoredâ€¦ https://t.co/t9Tm5JL8r3",51.386,1.377
"Ğ¢Ğ¾Ğ»ÑŒĞºĞ¾ Ğ»ĞµĞ½Ğ¸Ğ²Ñ‹Ğ¹, Ğ½Ğ°Ğ²ĞµÑ€Ğ½Ğ¾Ğµ, ÑĞµĞ³Ğ¾Ğ´Ğ½Ñ Ğ½Ğµ ÑÑ„Ğ¾Ñ‚ĞºĞ°Ğ» Ğ½ĞµĞ±Ğ¾)) #Ğ¿Ğ¸Ñ‚ĞµÑ€Ğ¾Ñ‡ĞµĞº @ Saint Petersburg, Russia https://t.co/O3b7yLsiAN",59.95,30.317
"Sahur (@ Restoran AMS Smart in Kuala Lumpur, WP Kuala Lumpur) https://t.co/6xg0BA9oQd",3.187,101.605
"â€¢ Il segreto di una buona pizza sono io.

#pizza #food #foodporn #yum #instafood #TagsForLikesâ€¦ https://t.co/qTL93Uxted",41.335,14.129
#Intercity 1184 (V 23:14 van Eindhoven) naar Den Haag Centraal is 5 minuten vertraagd.,51.443,5.481
"ã€06:00æ™‚ç‚¹ 16.4â„ƒ 58ï¼…ã€‘
16.4~14.4â„ƒ
ï¼ç¦å³¶çœŒç¦å³¶å¸‚ #fukushima #ç¦å³¶ https://t.co/jSaVnSZIAu",37.758,140.47
"current weather in Taipei: broken clouds, 18Â°C
100% humidity, wind 1kmh, pressure 1004mb",25.09,121.56
"We're #hiring! Click to apply: INTERNSHIP, GDS DATA MAINTENANCE (6 MONTHS) - https://t.co/qyA6NXrWdf #BusinessMgmt #ClujNapoca, CJ #Job",46.771,23.624
I'm at Al Qurain Bridge https://t.co/oQKV3XNZS4,29.207,48.059
"Buona sera Roma ğŸ˜
Good evening Rome ğŸ˜
.
#moscastudio #divoraroma #sunset #vaticano #vaticanâ€¦ https://t.co/JdKS67WbM4",41.902,12.466
Right now it's 3:39 am and we're still waiting for a flight that's apparently gonna take off atâ€¦ https://t.co/SMqx7MwGUi,13.681,100.747
Felt #earthquake M3.2 strikes 7 km NW of #Sion (#Switzerland) 6 min ago. Please report to: https://t.co/m1chjE8j2M https://t.co/t7unjXU4dM,46.27,7.29
Genoa to Monte Fasce to Cinque Terre to Deiva Marina to Pisa and finally to Emporio with a bushâ€¦ https://t.co/uEUZYkiyPE,43.723,10.395
Let your passion do the talking @ Putney Bridge https://t.co/kpfMyk44I6,51.467,-0.213
"Heybridge Weather 02/06/17 at 21:31 Temp 16.1C, 24hr rain 3.9mm, Pressure 1017.9mb, WindW 0.0mph",51.745,0.696
#topdriveitalia #rent #noleggio #ferrari #maserati #alfaromeo #tour #luxury #lifestyle #seaâ€¦ https://t.co/UEMydSHPdI,40.538,17.379
RÄ«gas gospelkoris un lieliskÄ kristine_pr @ Latvijas apvienotÄ metodistu baznÄ«ca / Latvia Unitedâ€¦ https://t.co/kIUzi2wvxO,56.957,24.126
Loving London as it's just getting dark. #london @ Tower Bridge https://t.co/FWjCLvClbQ,51.505,-0.076
"Die #SPD mÃ¶chte _dringend_ eine Bundestagsauszeit, traut sich aber nicht, den WÃ¤hler direkt zu fragen â€¦ So sad. #2fb
https://t.co/NQRvZmIs9p",51.893,8.384
"Te prometÃ­ un dÃ­a que iba a estar en las malas y en las buenas. Y asÃ­ serÃ¡â¤ï¸ 

#love #coupleâ€¦ https://t.co/t9fumELuW5",40.467,0.483
"Just posted a photo @ Podstepki, Samarskaya Oblast', Russia https://t.co/WHtl4apqoH",53.518,49.128
"#OutThereOnFriedMeatRidgeRoad Simply ADORED that @AlexKFerns yet again, had a gun ğŸ”« in his handâ€¦ https://t.co/0YLDhVgBTZ",51.507,-0.128
"#tbt first party @Sheratonjumeira with colleagues. @ Umm Suqaym, Dubayy, United Arab Emirates https://t.co/blhAA3OkPu",25.163,55.207
Sunset ğŸŒŠ #sea #beach #sand #water #waves #wave #wave #blue #nature_brilliance #natureloversâ€¦ https://t.co/FeN5I7lRlb,39.885,18.119
Pek bi havalÄ±sÄ±n Zeynoliiim ğŸ˜ #iyikivarsÄ±n @ METÄ°N Ã‡ELÄ°K Butik Anaokulu https://t.co/VzQwnNfyv7,40.709,29.8
"I'm at Yemen Kahvesi in Kumluca, finike https://t.co/pHD4vQGePf",36.301,30.147
"Just posted a photo @ London, United Kingdom https://t.co/OQziuDdSiU",51.507,-0.127
"Yaza Merhaba Konserine HazÄ±rmÄ±yÄ±z  MaÄŸusa ğŸ’¯ğŸ¤ğŸ¤ğŸ¤
9 Haziran Cuma ğŸ‘‰FREKANS ğŸ‘ˆ ArkÄ±n Palm Beach ğŸ‘ˆğŸ‘ŒğŸ‘
ğŸ‘‰â€¦ https://t.co/srnlLi59dI",35.119,33.958
"1,996 users and 2,874 tweets (2363 RTs) in 43 minutes made #ihaveselfiesforcamila a Trending Topic in United Kingdom. #trndnl",51.506,-0.127
"Decentralized Administration of the Aegean, Greece
ML 2.0 (12 min ago)
5.0km 37.87Â°N 27.16Â°E
Jun 2, 2017 20:32:45 UTC
#earthquake",37.87,27.16
"Just posted a photo @ Moscow, Russia https://t.co/U34lRV7bWM",55.752,37.616
"Genial charla de Yolanda Corral @yocomu con @bylinedu @lasnaves  #ciberseguridad @ ""Las Naves""â€¦ https://t.co/deWAaWaJja",39.459,-0.338
"â’ˆ Manchester United
â’‰ #TelAviv
â’Š West Bank
â’‹ Cristiano Ronaldo
â’Œ #WonderWoman

2017/6/2 23:34 IDT #trndnl https://t.co/Fx5RhnJKes",31.389,35.361
"quick response ğŸš” #forzahorizon3 @ Dubai, United Arab Emirates https://t.co/Cg6xioIkov",25.252,55.28
Warum gibt es hier auf der Strecke so viele Tunnel? Hab Druck in den Ohren,48.996,11.376
"I'm at Ekor Premier in GazimaÄŸusa, Cyprus https://t.co/3cZj8qfJDM",35.127,33.924
"London with it's S in sun. @ London, United Kingdom https://t.co/BWRgfMOSCZ",51.507,-0.127
Moi aussi je t'aime #paris !!! â¤ï¸â¤ï¸â¤ï¸â¤ï¸â¤ï¸#iloveparis @ Paris AÃ©roport - Charles de Gaulle (CDG) https://t.co/Y0MJjM96xG,49.01,2.547
ğŸ•ŠA weekend away by the sea ... plenty of time to try out new designsâ€¦ https://t.co/383pHbuGwE,54.21,-0.289
"FÃ©camp, Seine Maritime.
#weekendaway #fecamp #sea #mer #port #cliff #boats #falaise @ FÃ©camp https://t.co/nMYpccVxSd",49.75,0.367
One visitor today really got into the spirit of the place. @ Spotify https://t.co/TWEumlh4Q9,51.515,-0.141
My #ootd today was inspired by the beautiful summery weather outside #lol #workbanterâ€¦ https://t.co/inKXNFE9Un,41.383,2.183
Ser pÃ¥ paradisefinale fra Russland @theTunnelBear . https://t.co/weim87UKel https://t.co/jjAENGWhKp,55.762,37.612
De cenuki con las #supergirls âœ¨âœ¨âœ¨ğŸ˜œğŸ˜‰ #fridaynight #dinner #girls #superteam #perfectnightâ€¦ https://t.co/tM3rxPaTG3,42.282,3.042
Ready for receiving our friends for Thanos' birthday #party #menu #friends #love #foodâ€¦ https://t.co/WvYolhg5tP,50.775,6.083
"#sea #beach #sand #and # @ Alexandria, Egypt https://t.co/xAeQuasgPl",31.198,29.919
PHOTOS/VIDEO: Labour leader Jeremy Corbyn visits Pitsea to deliver speech on Brexit plan - Yellowâ€¦ https://t.co/VTDb238rte #Basildon,51.566,0.504
Hear Ice Cube's Fiery New Song 'Only One Me' on 'Death Certificate' Reissue https://t.co/bhkBUgNETZ #music https://t.co/J6ccK6djhp,51.485,0.363
"#SkyGrab facing the water tower at work of blue skies (24/05) â›…ï¸âœŒï¸ï¸ @ Ashford, Kent, England https://t.co/n3XXJSb1Ed",51.133,0.883
Heacham Weather:Temp=16.5C &amp; is Falling.Low=15.1C &amp; high=27.3C.Pressure=1014.8mb &amp; is Falling.Wind=0.0mph SW &amp; gust 1.6mph.Rain today=1.2mm.,52.909,0.479
CrÃ©ation ğŸ‘—ğŸ’– #fashion #fuse #mode #model #picasso #lefou #designer #style #love #shootingâ€¦ https://t.co/4EtEG9Tm6N,50.85,4.35
Åehitlerimiz den TÃ¼mgeneral AydoÄŸan AydÄ±n'Ä±n kÄ±zkardeÅŸi Av. Burcuâ€¦ https://t.co/O1Lpy7mzy4,40.995,28.627
"I'm at Chalet K278 in Al-Aá¸¥madÄ«, Al Asimah https://t.co/bLka2NFN2S",28.658,48.366
#food #pornfood #foodporn #foodie #foodgasm #foodpics #foodpics #foods #foodphotographyâ€¦ https://t.co/60ik9i2qsF,41.619,15.911
Drinking a Sea Lion's IPA by Animal Army @ The Fiddler â€” https://t.co/a0F3gkgmol,52.077,4.308
#topdriveitalia #rent #noleggio #ferrari #maserati #alfaromeo #tour #luxury #lifestyle #seaâ€¦ https://t.co/PzAKBTbhMM,40.58,17.218
#Intercity 1184 (V 23:53 van Breda) naar Den Haag Centraal is 7 minuten vertraagd.,51.596,4.78
"current weather in Tainan: shower rain, 28Â°C
94% humidity, wind 4kmh, pressure 1004mb",22.98,120.19
Felt #earthquake M1.9 strikes 7 km NW of #Sion (#Switzerland) 5 min ago. Please report to: https://t.co/uNwzQB9F1Z https://t.co/oPNiOGWpwZ,46.27,7.29
This place is over the top! #sistinechapel #renaissance #art #sculpture #vatican @ Vaticanâ€¦ https://t.co/rxuOrm2cb2,41.907,12.454
"I did waaay too much food #veganfood #vegan #foodporn @ London, United Kingdom https://t.co/FRY0s9SXBH",51.507,-0.127
#sunset  #sun #red #orange  #sky #clouds #gorgeous #warm #cairo #egypt @ El-Sayeda Zeinab https://t.co/0RGWtCmNet,30.007,31.186
Utterly mad #Tyumen #summer weather part 2 - independence day clouds and brief flash ofâ€¦ https://t.co/TNJLSkl5C9,50.512,30.514
I'm at Sumahan On The Water Hotel Istanbul in Istanbul https://t.co/UF3N9QIHS0,41.054,29.052
@schueper Sowas findet du nur so gut wie nie oder du kannst es den Spieler nicht bezahlen,51.441,7.012
@iheartfrankfurt  kÃ¶nnen ja nicht alle aussehen wie aus den  80ern @Schanuf,49.748,13.357
Bitter coffee at Wells-next-the-sea last weekend ğŸ˜‚â¤ï¸ğŸ˜ it's theâ€¦ https://t.co/GDsCULdtBn,52.972,0.85
This is a place with great #food #excellent #servive rijsel and love for the business.â€¦ https://t.co/kLBvRzcI5L,52.352,4.913
"Heybridge Weather 02/06/17 at 22:25 Temp 15.4C, 24hr rain 3.9mm, Pressure 1017.6mb, WindW 0.0mph",51.745,0.696
#prato #dinner #restaurant #meat #steak #pepper #food #foodporn #yummy #instafood #foodpostâ€¦ https://t.co/qOdtYUc148,43.878,11.095
@cedricgrolet #meurice #like4like #cheflaurentmoreno #like4like #yummy #food #carameloâ€¦ https://t.co/bFC4OkpQem,48.865,2.328
#topdriveitalia #rent #noleggio #ferrari #maserati #alfaromeo #tour #luxury #lifestyle #seaâ€¦ https://t.co/JcrIs7VxH0,40.563,17.206
https://t.co/B9Irt9lhvt Temp: 15.9Â°C Wind:0.0mph Pressure: 1016.8mb Falling slowly Rain Today 8.7mm Hum 84% Fc: Fine weather,51.972,0.781
"â’ˆ Manchester United
â’‰ #TelAviv
â’Š West Bank
â’‹ Cristiano Ronaldo
â’Œ #WonderWoman

2017/6/3 00:14 IDT #trndnl https://t.co/Fx5RhnJKes",31.389,35.361
"4.4 magnitude #earthquake. 28 km from Ash ShaÅ£rah, #DhiQar, Iraq https://t.co/1fNLSCU7n8",31.663,46.127
@thevoidishungry thanks for the follow. What a great concept. Could've done with you about a year ago when we were shooting #ghoster!,51.282,1.08
Ready for tonight's #gig #takeontakethat #lads @ Chesfield Downs Golf Club https://t.co/i3FlynvhqE,51.95,-0.202
"Wind 1.0 mph E
Barometer 1014.09 mb Steady
Temperature 16.6 C
Rain today 12.8 mm
Humidity 97% 
#Clacton #Weather
https://t.co/duwHpqQvEf",51.814,1.169
"Boodle Fight ğŸ’ªğŸ¼âœŒğŸ»ï¸ğŸ‘ŒğŸ»ğŸ·ğŸ½ #HappyTGIF @ Dubai, United Arab Emirates https://t.co/k5THAy705n",25.252,55.28
"The storm has been coming â›…ï¸ğŸŒŠ 
#venice #sea #beach #sky #bluesky #sun #clouds #storm #wavesâ€¦ https://t.co/MJ8ct6VKXI",45.435,12.422
"Wind 1.0 mph NW
Barometer 1014.40 mb Falling
Temperature 16.5 C
Rain today 12.8 mm
Humidity 97% 
#Clacton #Weather
https://t.co/IpdjZhlg8X",51.814,1.169
"Wind 0.7 mph W
Barometer 1013.6 mb,Steady 
Temperature 16.0 .C 
Rain today 9.0 mm 
Humidity 10%
@ 22:00:03.#ukweather.#weather",51.875,0.987
"long time no Coffee ğŸ˜
#coffeeaddict @ Mandalay, Myanmar https://t.co/YQINT61XRq",21.976,96.081
"Tortilla de jamÃ³n york braseado y Mini Babybel ğŸ’ªğŸ¼
#conmisfogones #aove #barcelona #foodâ€¦ https://t.co/puLQpgyrz9",41.392,2.19
"ğŸ“ˆ ""Epsom Derby"" is trending today on Google United Kingdom (10000+ searches) https://t.co/DmXSi7dKHH",51.506,-0.127
"I'm at Yemen Kahvesi in Alanya, Antalya w/ @samet_kozak https://t.co/aPpO7VbzDx",36.544,32.006
"âš½ï¸âš½ï¸ (@ Goal Football Field in bnaid ilGar, Al Asimah) https://t.co/LQlfjz5k0g",29.37,48.01
Heacham Weather:Temp=16.7C &amp; is Falling.Low=15.1C &amp; high=27.3C.Pressure=1014.9mb &amp; is Steady.Wind=0.0mph SW &amp; gust 2.2mph.Rain today=1.2mm.,52.909,0.479
"DALE PLAY A MI TEMA SANTA DIABLA , disponible en youtuube y todas las  plataformas digitales !!â€¦ https://t.co/L6efwUWc8U",41.383,2.183
De eerste avond dat we deze week buiten kunnen blijven aan het water. #windstil @ Jachthavenâ€¦ https://t.co/FAucbLSweH,53.048,5.826
"ÅŒuchi-juku located in Fukushima. Taken by shinyai. 
https://t.co/kpYTjD4ouZ https://t.co/0cHDkSpzGm",37.334,139.861
A well deserved jump in the sea! The girls worked so hard today starting with a Hiit and Burnâ€¦ https://t.co/lnfYtXPiFg,37.437,25.33
I 2 campeggiatori osservano il panorama #pitbulllove #pitsofinstagram #dogs #sea #elba @ Capoâ€¦ https://t.co/K4VvTNHt2t,42.821,10.304
"Just posted a photo @ Saint Petersburg, Russia https://t.co/YvCRrorD3K",59.95,30.317
Jesus was the Mess-iah. He went into the mess! - @SimonWillits #blessed #bornagainâ€¦ https://t.co/e3tQ9jwQbm,53.569,-0.128
"Suhoorâ­ï¸ğŸŒ™ #acaibowl #ramadanvibes #ramadan #familylove #friends @ Dubai, United Arab Emirates https://t.co/ZWDukjMxeu",25.252,55.28
One of the best pieces Iâ€™ve heard on Mad Max: Fury Road and what makes it so good. (no spoilers) https://t.co/bD8YhV6aIC,52.464,13.443
@johnnojohnno04 the 1st mention of #LeadersSpecial appears on your TL. Now is Trending Topic in United Kingdom! #trndnl,51.506,-0.127
"Smoke em' if you got em'...
#Filth #Sleaze @ Vatican City https://t.co/uxlIiK9ZAp",41.904,12.453
"#sea #beach #sand #waves @ Alexandria, Egypt https://t.co/1YqvRnuvqi",31.198,29.919
Nuevas fotos de mi Ãºltimo shooting en baaldofotografia y en facebook: Baaldo FotografÃ­a ğŸ“·âœ¨ @â€¦ https://t.co/mQqabYTw4J,39.538,2.444
"I'm at Alothman chalet, sea side https://t.co/serMGXzWgR",28.665,48.343
Puede llover pero la mÃºsica no para en las calles durante Afro-Pfingsten Festival en #Winterthurâ€¦ https://t.co/KedwqcBhYr,47.498,8.734
Surf &amp; Turf @thaisquaregroup Thai Square Putney Bridge's  soft launch of the new executive menuâ€¦ https://t.co/WlI421Tegw,51.467,-0.216
Little mix on fire! ğŸ”¥ğŸ”¥ #happyplace #glorydays #gig #tonight #concert #littlemix  #onfire @ Lottoâ€¦ https://t.co/QBy59F7ztr,51.23,4.442
#Intercity 1184 (V 0:38 van Den Haag HS) naar Den Haag Centraal rijdt vandaag niet. #fail Geld terug? Zie https://t.co/wQfqoWMoGC,52.07,4.323
@schreiblockade Danke fÃ¼r den Ohrwurm ğŸ˜‚ğŸ¤˜ğŸ˜Š,50.711,7.107
"Day is over.
Der Tag l ist vorbei - ab in den Schlafsack. Warm einkuscheln, denn die Nacht ğŸŒƒâ€¦ https://t.co/43X9qCqQ65",51.867,12.65
"#Ğ¯,# @ Saint Petersburg, Russia https://t.co/X1Wc9LZUIS",59.95,30.317
Ä°yi geceler ğŸŒ™ #geceyebirsÃ¶zbÄ±rak #YazBaÅŸlasÄ±n #iyigeceler  #kiss  #instalike #instagoodâ€¦ https://t.co/EtRKXacnwK,41.019,28.965
"#architecture #london #buildings #riverthames new shapely building needs a name @ London, Unitedâ€¦ https://t.co/xj2kfWu4RF",51.507,-0.127
"ğŸ‡¬ğŸ‡§ğŸ’‚ğŸ»â€â™€ï¸ğŸ’‹#londonvibes #citylife #greatbritain @ London, United Kingdom https://t.co/ZbJHRsAkTY",51.507,-0.127
"...happy wife- happy life...ğŸ˜‚ğŸ˜ğŸ˜‚...cooking for my Love...
.
.
.
#food #foodporn #foodphotoâ€¦ https://t.co/vQraoFsoat",51.425,6.87
I'm at ÅENER MALÄ°KANESÄ° https://t.co/14ma2CnNX5,38.918,27.837
"Hast Du Dich heute schon gefragt, wofÃ¼r Du dankbar sein kannst? Ich bin dankbar, fÃ¼r den schÃ¶nenâ€¦ https://t.co/0XsyPeeVH2",50.55,6.767
"Local Weather @ 22:30:02 02/06/2017
Temp 16.3 ÂºC Current Wind/Gust 0.0 - 10.4 mph Wind:ESE
Rainfall today 4.0 Baro:1013.20 &amp; Falling",52.251,0.102
"Casas arcoiris ğŸŒˆ @ London, United Kingdom https://t.co/VYeAqoQbi3",51.507,-0.127
"Weather report: slightly windy ğŸŒª
outfit: preenbythorntonbregazzi @jonathansimkhai @balenciagaâ€¦ https://t.co/CriTVACoPp",51.487,-0.168
"ğŸ•Š @ Beirut, Lebanon https://t.co/GBpSh5SG9D",33.887,35.513
@STEBigMike I'm not sure if you've noticed but there have been several wars and terrorist attacks. What exactly has it stopped?,51.535,0.003
é‡§è·¯æ€ªè«‡  https://t.co/6aZStKlZO1 #é‡§è·¯,43.009,144.405
Bigfoot. @ Flora Damansara Block B https://t.co/00CoUErLlb,3.177,101.619
"5.1 magnitude #earthquake. 106 km from Hirara, Okinawa, ##Japan https://t.co/Pe5tGvn6mJ",24.327,126.213
AquÃ­ con thexx cumpliendo las grandes expectativas que tenÃ­a con ellos #primaverasoundâ€¦ https://t.co/eCDm5Cwzzr,41.41,2.222
#montenegro #budva #city #tymeet #streetphoto #view #sea #grad #oldcity #town #discoverworldâ€¦ https://t.co/peD8HLnVAK,42.28,18.83
"School boy in Abuja
#Nigeria, #Africa, #schoolchildren, #WestAfrica, #Abuja, #AfricanChildren @â€¦ https://t.co/DG5YKHmjxK",9.067,7.483
South sea pearl for me. ğŸ˜˜ğŸ˜â¤ï¸ @ Puerto Princesa https://t.co/rCqIkthjAq,9.739,118.735
"water baby since 98' @ Anilao, Batangas, Philippines https://t.co/2dUQ61bGRY",13.758,120.93
#U20WC - #U20ëŒ€í‘œíŒ€ Korea Republic 1 vs #Portugal #POR 3  at https://t.co/0SP7Bk0TQS https://t.co/3HPqNT8GJZ,36.819,127.115
ï¼»æ°—è±¡åºæƒ…å ±ï¼½01æ—¥ã€€13æ™‚04åˆ†é ƒã€€ç†Šæœ¬çœŒç†Šæœ¬åœ°æ–¹ï¼ˆN32.8/E130.8ï¼‰ã«ã¦ã€€æœ€å¤§éœ‡åº¦1ï¼ˆM2.7ï¼‰ã®åœ°éœ‡ãŒç™ºç”Ÿã€‚ã€€éœ‡æºã®æ·±ã•ã¯10kmã€‚( https://t.co/Exdw9vl1VZ ) #saigai #jishin #earthquake,32.8,130.8
"âœˆï¸âœˆï¸âœˆï¸ğŸ‡ºğŸ‡¸ğŸ‡ºğŸ‡¸ğŸ‡ºğŸ‡¸
#losangeles #la #travel #vacation #lax #summer #summer2017 #enjoy #life #cuteâ€¦ https://t.co/d4KF6azT3l",25.078,121.231
I'm at Ice Castle https://t.co/N8058fO7yw,10.283,123.881
"#Handout fÃ¼r den Vortrag heute zum Thema #militarylook in entworfenen Ãœberwurf, der wie ein Rockâ€¦ https://t.co/ZOGGqWXlUO",53.092,8.804
Football rumours from the media #Maldon https://t.co/YqzWKa8DTv https://t.co/fgXnqs6YCw,51.729,0.688
De Hefbrug in Alphen aan den Rijn ging zojuist open om 09:46. Zie https://t.co/zCqSr3mrjr #brugopen,52.118,4.674
"I'm at Idol Smile Dental Clinic in Bangna, BKK https://t.co/TMfejR1jgd",13.66,100.63
De #steekterbrug in Alphen aan den Rijn is weer dicht. Zie https://t.co/zCqSr3mrjr #brugopen,52.119,4.676
Pre gig picture of yesterday's gig at the @Nambucca_Live- it was amazing! Great venue andâ€¦ https://t.co/GawuUrvjP7,51.507,-0.127
Today's lunch by @_iisaabell #insalatacaprese #lunch #italy  #food ğŸ‡®ğŸ‡¹ @ annelous van toorâ€¦ https://t.co/nHJVR4ybgb,52.222,6.975
DUBAI ğŸ‡¦ğŸ‡ª âŒLEBANON ğŸ‡±ğŸ‡§ âŒSWITZERLAND ğŸ‡¨ğŸ‡­ âŒ FRANCE ğŸ‡«ğŸ‡· don't stop the music ğŸ¶ #dopeteam next stopâ€¦ https://t.co/AZYiEo9d47,25.198,55.274
"NhÃ  cháº£ cÃ³ gÃ¬, ngoÃ i sá»• áº¡. Sá»• ngáº­p nhÃ  lun :) @ Sá»• Da I XÆ°á»Ÿng Sáº£n Xuáº¥t Sá»• Da I Sá»• Da QuÃ  Táº·ng https://t.co/J1sm2swLrV",21.043,105.743
"#tbt to warm nights in #Norway ğŸ˜ P.s. it was warmer even that we have here right now ğŸ˜¬
#weatherâ€¦ https://t.co/53l9hCtzSZ",60.192,11.063
"ğŸ”´ #NIJKERKGLD #ambulance | A1 Berg van Den, Huisarts Henri Nouwenstraat __  Nijkerk 3863HV __  43710 | https://t.co/XBDoP3l6nZ",52.21,5.464
à¹€à¸›à¸™à¸£à¹‰à¸²à¸™à¸—à¸µà¹ˆà¹€à¸‚à¹‰à¸²à¸à¸µà¹ˆà¸—à¸µà¸à¹‰à¸­à¹€à¸‚à¸´à¸™ 555 à¹„à¸¡à¹ˆà¸£à¸¸à¹€à¸ˆà¸´à¸™à¸­à¸°à¹„à¸£ à¹à¸‡à¸‡ //à¹€à¸ªà¸·à¹‰à¸­à¸šà¸­à¸¥ à¸­à¸‹à¸™ à¸¥à¸”40%à¹€à¸”à¸µà¹‹à¸¢à¸§à¹€à¸ˆà¸­à¸à¸¹ (@ Ari Football Concept Store) https://t.co/4hwG8YtzNH,13.745,100.535
@dorset_eye the 1st mention of #WhereIsTheresa appears on your TL. Now is Trending Topic in United Kingdom! #trndnl,51.506,-0.127
"See photos of #traveller showing off their behind, the #elephant is saying stop, this is #Africaâ€¦ https://t.co/RsAfjCKxOu",2.367,31.817
ĞœĞ¾Ñ Ğ¨Ğ¸ĞšĞ°Ñ€Ğ½Ğ°Ñ ğŸ’—ğŸ’—ğŸ’— @ Stage Entertainment Russia https://t.co/hJCaAKpfGx,55.727,37.58
palco #msp !! I Love it!!! #rw2k17 #ilmoriarw2k17 #readyforrw2017 @ RiminiWellness https://t.co/nioguI2LLH,44.072,12.526
De Hefbrug in Alphen aan den Rijn is weer dicht. Zie https://t.co/zCqSr3mrjr #brugopen,52.118,4.674
"Ramadan Kareem. @ Dubai, United Arab Emirates https://t.co/2Cn9ZElqAg",25.252,55.28
"Benvenuto giugnoğŸ‘™ğŸŒğŸŒŠâ›± 
#lavoroeguardoilmare #sunmertime #summer #seağŸŒŠ #mysun #mysea #instameâ€¦ https://t.co/5Wi8V5BXc1",36.782,14.548
"Lagos, Gauteng Province Have Capacity To Drive Africaâ€™s Economy â€“ Ambode https://t.co/GJ1ZuS5TcV",5.016,7.916
"Lagos, Gauteng Province Have Capacity To Drive Africaâ€™s Economy â€“ Ambode https://t.co/BMCMqKukYn",6.494,3.351
"Ğ¢Ğ°ÑˆĞ¸Ñ€ ğŸ• @ Oufa, Bashkortostan, Russia https://t.co/9FbRmg0vCF",54.775,56.038
And how! @ Baltic Sea https://t.co/VN1QO4ozmV,54.375,18.731
Disruption on the roads after crash on A140 between Long Stratton and Tasburgh https://t.co/lCcd0WENt6 #Norfolk https://t.co/YGpQPJUuUC,52.628,1.296
ãŠé…’é£²ã¿ãªãŒã‚‰ã‚·ãƒ§ãƒ¼è¦‹ã‚Œã‚‹ã¨ã‹æœ€é«˜ãªã‚“ã ã‘ã©ğŸ˜¶â¤ï¸ @ æ±äº¬ãƒ‡ã‚£ã‚ºãƒ‹ãƒ¼ã‚·ãƒ¼ / Tokyo Disney Sea https://t.co/rTMMLvYNpg,35.627,139.887
"Perfect snacks for the rainy weather! â¤
On my plate: Dal Pakoda at the top (deep fried lentilsâ€¦ https://t.co/uStRILTOHf",20.27,85.84
@MichaelDean94 Was going to thatâ€¦.Til Liam Gallagher announced a gig tonight.,51.461,-0.2
"Pinch punch ğŸ¤œğŸ¾ğŸ‘ğŸ¾ @ London, United Kingdom https://t.co/d4hgPN8RjO",51.507,-0.127
".
.
.
Ù‚Ø¨Ù€Ù„ ÙŠÙˆÙ…Ù€ÙŠÙ† ğŸ˜ªğŸ’”ğŸ’­ ' @ Dubai, United Arab Emirates https://t.co/xBDk4QEthD",25.252,55.28
"current weather in Chelyabinsk: clear sky, 16Â°C
29% humidity, wind 5kmh, pressure 1012mb",55.17,61.39
"âš  TONIGHT LET'S TURN UP IN CITY OF LAUSANNE @ ""MAD CLUB"" âš 

ğŸ‡ºğŸ‡¸ğŸ‡¬ğŸ‡§ FREE ENTRANCE FOR EVERYONE ALLâ€¦ https://t.co/cWO1mmZkUk",46.522,6.627
"çµ¦æ–™æ—¥ã¨ã„ã†ã“ã¨ã§æ˜¥æ—¥ç”ºã§ãŠè²·ã„ç‰©â€¼ï¸
#starwarks #starwarks_niigata #click #privilege #lafayette #æ˜¥æ—¥ç”ºstreetboyz @â€¦ https://t.co/OwFCK4zEdt",37.912,139.055
Heacham Weather:Temp=17.8C &amp; is Rising.Low=12.1C &amp; high=17.8C.Pressure=1021.7mb &amp; is Falling.Wind=3.8mph SSW &amp; gust 9.8mph.Rain today=0.0mm.,52.909,0.479
ğŸ‡¸ğŸ‡² #SanMarino (yesterday) Friendlies at https://t.co/JPnvZ1D4d5,43.726,10.955
"San Francisco! (@ THY Crew Lounge - @angelsofair in Ä°stanbul, TÃ¼rkiye) https://t.co/twnbA2Og2g",40.977,28.817
"Just posted a video @ Saint Petersburg, Russia https://t.co/aUp1E2RRIf",59.95,30.317
"Good evening ğŸŒ‡ğŸŒ† ğŸŒ… @ Dubai, United Arab Emirates https://t.co/3idEKF4O9j",25.252,55.28
ğŸ‡®ğŸ‡¹ #Italy (yesterday) Friendlies at https://t.co/v7VKkwDPmx,43.726,10.955
Disfrutando de las cosas hermosas que nos ofrece la vida â¤ï¸ #london #westminsterbridgeâ€¦ https://t.co/AXxgtKKhTf,51.501,-0.122
MÃ¤nnerschlussverkauf - Wie man den Mann kriegt #Backnang #MÃ¤nnerschlussverkauf #Mann https://t.co/j1pvhyVqTs,48.947,9.432
"Just posted a photo @ Saint Petersburg, Russia https://t.co/GlF4j95HzI",59.95,30.317
Touristen Azubis besuchen den Dervish ğŸ˜‚ #nosikiriki #selfiemaniac @ Vrelo Bune https://t.co/sJexiKMyzZ,43.257,17.886
"current weather in Yekaterinburg: clear sky, 15Â°C
30% humidity, wind 6kmh, pressure 1011mb",56.83,60.63
"Siamo pronti!!!
Primo scalo a Riga e poi dritti in Russia per l'EuroHockey Club Trophy 2017â€¦ https://t.co/yhb7KDn7SS",45.627,8.714
"I wonder if the beach misses me too. ğŸ’¦ğŸŒŠâ˜€ï¸ @ Dubai, United Arab Emirates https://t.co/IsgCWICyW0",25.252,55.28
Oh bank holiday weather. Perfect few days to be dispensing  iced coffees and @nudgedrinksâ€¦ https://t.co/Uc7j6oirJE,52.154,1.371
@Martina the 1st mention of 'Margaret Court Arena' appears on your TL. Now is Trending Topic in United Kingdom! #trndnl,51.506,-0.127
"2,853 users and 2,860 tweets (2715 RTs) in 7 days made 'Margaret Court Arena' a Trending Topic in United Kingdom. #trndnl",51.506,-0.127
"current weather in Rome: clear sky, 16Â°C
59% humidity, wind 1kmh, pressure 1021mb",41.9,12.5
De #steekterbrug in Alphen aan den Rijn ging zojuist open om 09:40. Zie https://t.co/zCqSr3mrjr #brugopen,52.119,4.676
#Intercity 1128 (V 9:38 van Tilburg) naar Den Haag Centraal is 5 minuten vertraagd.,51.561,5.084
#Intercity 1128 (V 9:53 van Breda) naar Den Haag Centraal is 5 minuten vertraagd.,51.596,4.78
"Just posted a photo @ Dubai, United Arab Emirates https://t.co/q7JofYoCm9",25.252,55.28
PM: In den Sommerferien noch nichts vor? / Anmeldung fÃ¼r international ...  https://t.co/dr9H8OXHoh,48.776,9.183
#beautiful #weather #butcold #springweather #june1st #wheressummer #sÃ¶dermalm #sthlm #stockholmâ€¦ https://t.co/GyrI6imnob,59.314,18.068
ØµÙˆØ±Ø© Ù…Ø¹Ø¨Ø±Ø©. #Ø¯Ø¨ÙŠ #Ø§Ù„Ø§Ù…Ø§Ø±Ø§Øª #Ø§Ù„Ø®Ù„ÙŠØ¬ #Ø§Ù„ÙƒÙˆÙŠØª #uae #dxb #dubai #gcc #q8 @ Al Warqa'a 1 https://t.co/mWP5JutD3p,25.193,55.401
"â’ Amber Rudd
â’ ElfmeterschieÃŸen
â’ Manchester United
â’ Meppen
â’‘ #Afghanistan

2017/6/1 09:32 CEST #trndnl https://t.co/p8qpEIM5hj",52.516,13.377
De #zegerbrug in Alphen aan den Rijn is weer dicht. Zie https://t.co/zCqSr3mrjr #brugopen,52.143,4.702
ğŸ‡¸ğŸ‡³ğŸ‡²ğŸ‡½ğŸ‡ºğŸ‡¸ğŸ‡³ğŸ‡¿ @ Incheon Football Stadium https://t.co/wpxmxVkthV,37.466,126.644
"â€œWherever you go, no matter what the weather, always bring your own sunshine.â€ â€“ Anthony J.â€¦ https://t.co/hbJSnPYWhq",14.557,121.029
"#Ğ¡Ğ¾Ñ‡Ğ¸#ĞšÑƒĞ¿Ğ¸Ñ‚ÑŒ#ĞšĞ²Ğ°Ñ€Ñ‚Ğ¸Ñ€Ñƒ#Ğ²#Ğ–Ğš#Ğ®Ğ¶Ğ½Ñ‹Ğ¹# @ Sochi, Russia https://t.co/wpMjOIjUKb",43.585,39.72
"I trofei, quelli belli. Grazie #sanmarino #calcio #gagliardetto #maglia #football #soccerâ€¦ https://t.co/IldLeewH4n",43.717,10.95
Mad as a June squirrel? #nutters @ Richmond Park https://t.co/PwpixFBGV0,51.451,-0.282
"I'm at Jethro Shooting Range in Makati City, Metro Manila https://t.co/ICMofq48Jl",14.553,121.015
#Apps Uber's Head of Finance Gautum Gupta Resigns as Company Narrows Losses: Gautam Gupta will depart Uber in Julyâ€¦â€¦ https://t.co/2Bb1eLkBwa,12.937,100.931
@grannyonline1 the 1st mention of 'Plymouth Herald' appears on your TL. Now is Trending Topic in United Kingdom! #trndnl,51.506,-0.127
"1,460 users and 1,505 tweets (1334 RTs) in 2 weeks made 'Plymouth Herald' a Trending Topic in United Kingdom. #trndnl",51.506,-0.127
I'm at BKK SKY GYM https://t.co/r0gwwVv5Rr,13.804,100.575
Batman Batarang smashes into London to save London from Brexit!! #London #England #No2 @ Southâ€¦ https://t.co/0Efx1sbRWq,51.506,-0.117
De #zegerbrug in Alphen aan den Rijn ging zojuist open om 09:36. Zie https://t.co/zCqSr3mrjr #brugopen,52.143,4.702
"See the line where the sky meets the sea? It calls you. @ Oslob, Cebu https://t.co/xQRuxQRCJE",9.525,123.43
yay for vitamin sea ğŸŒŠ @ Vista Aplaya https://t.co/r0R7e7Ss4Y,13.709,120.875
"Soldier retired ,Florin Mihai are sending on email a request  for political asylum to Mrs.Angelaâ€¦ https://t.co/QSxKB1ofs3",50.879,7.121
I'm at The Backyard Hazmieh in Mt Lebanon https://t.co/mXfH9cC8pW,33.854,35.541
Home. Sea. Seagulls. --&gt; nothing better. Dreaming about my come back. Looking forward.â€¦ https://t.co/6tls0kMxIl,38.533,14.9
A veces las prisas nos hacen olvidar las mejores tartas. Ã‰sta es del pasado mes de marzo paraâ€¦ https://t.co/RzJhJg5Qez,41.375,2.116
"Summer, you're finally here! What took you so long?! The skies are sunny, the weather has warmedâ€¦ https://t.co/0ynjB1ct5X",37.945,23.643
Voice over Farouk yow. (@ grand theft records) https://t.co/MovnNpMOLS https://t.co/ySablo7hye,3.166,101.605
"I'm at SM Southmall in Las PiÃ±as City, Metro Manila https://t.co/0KelvaFptj",14.433,121.011
Nigeria accounts for 40% of gas flared annually in Africa â€” Senate https://t.co/wrrihWXTJP,6.516,3.351
Return of Ebola and the need for vigilance https://t.co/MyX1hHDKEj,6.494,3.351
Return of Ebola and the need for vigilance,5.038,7.927
"From the Red Square ğŸ¤˜ğŸ»
#redsquare #moscow #russia #tattoo #tattoos #tattooartist #ontheroadâ€¦ https://t.co/hvOdzPb8My",55.754,37.62
"Wind 4.0 mph S
Barometer 1022.32 mb Steady
Temperature 18.1 C
Rain today 0.0 mm
Humidity 76% 
#Clacton #Weather
https://t.co/duwHpqQvEf",51.814,1.169
"NRT &gt; LAX (@ Narita International Airport in æˆç”°å¸‚, åƒè‘‰çœŒ) https://t.co/jLUqq988lM",35.773,140.387
"#Ğ¡Ğ°Ğ½ĞºÑ‚ĞŸĞµÑ‚ĞµÑ€Ğ±ÑƒÑ€Ğ³,#Ğ­Ñ‚Ğ¾ĞŸĞ¸Ñ‚ĞµÑ€Ğ”ĞµÑ‚ĞºĞ°,#Ğ’ĞµÑĞ½Ğ°,#Ğ’Ğ¾Ğ·Ğ´ÑƒÑ…,#ĞĞ°ÑÑ‚Ñ€Ğ¾ĞµĞ½Ğ¸Ğµ,#Ğ–Ğ¸Ğ·Ğ½ÑŒ,# @ Saint Petersburg, Russia https://t.co/6tKw9CwuSq",59.95,30.317
"Da er billettsalget i gang! Sjekk lenken i vÃ¥r bio for Ã¥ kjÃ¸pe billetterğŸ”¥ 
...
The ticket saleâ€¦ https://t.co/ERqZ8koO0l",59.936,10.766
Desarrollar organizaciones SIN CORBATA   Ha sido un placer #escuchar a jaumegurt en _esadeâ€¦ https://t.co/8AtfAUUcO4,41.392,2.112
You've been so goood ğŸ‡¦ğŸ‡ªğŸª #uae #abudhabi #dubai #travelling #travelgram #emiratesâ€¦ https://t.co/rlYEHaLbMz,24.467,54.367
"Heybridge Weather 01/06/17 at 09:31 Temp 25.0C, 24hr rain 0.0mm, Pressure 1025.3mb, WindNE 0.0mph",51.745,0.696
De #zegerbrug in Alphen aan den Rijn ging zojuist open om 10:30. Zie https://t.co/zCqSr3mrjr #brugopen,52.143,4.702
"Ğ‘ÑƒÑ€Ñ, ÑĞºĞ¾Ñ€Ğ¾ Ğ³Ñ€ÑĞ½ĞµÑ‚ Ğ±ÑƒÑ€Ñ #Ğ´Ğ¾Ğ¶Ğ´ÑŒ #Ğ±ÑƒÑ€Ñ #Ğ¾Ğ±Ğ»Ğ°ĞºĞ° @ Togliatti, Russia https://t.co/uJ4IrlxL2m",53.523,49.413
"Oh, hey beautiful!! â™¡
.
.
.
.
.
.
.
#iphone7 #photography #picoftheday #dubai #dxb #uaeâ€¦ https://t.co/G8iXeClqH9",51.507,-0.127
"current weather in Tehran: clear sky, 32Â°C
10% humidity, wind 8kmh, pressure 1010mb",35.67,51.42
Hanging around with this Mad women on a brunch i almost missed my flight heading back homeâ€¦ https://t.co/avBgyHXRtf,19.13,72.828
#deutsch #Trumps Klimaentscheidung: Gegen den Mainstream? https://t.co/wXKVlsczX0,51.777,19.454
"#zvezdopad @ Khosta, Krasnodarskiy Kray, Russia https://t.co/T5IEdqGSAB",43.515,39.869
"One of the most beautifulhotels in Venice, Hotel Danieli is steps away from the Bridge of Sighsâ€¦ https://t.co/9x17Wu9X4z",45.434,12.342
I'm at Papa Diddi's Ice Cream Company in Quezon City https://t.co/noxBt5AhZd,14.639,121.061
"#Ğ¡Ğ°Ğ½ĞºÑ‚ĞŸĞµÑ‚ĞµÑ€Ğ±ÑƒÑ€Ğ³,#Ğ­Ñ‚Ğ¾ĞŸĞ¸Ñ‚ĞµÑ€Ğ”ĞµÑ‚ĞºĞ°,#Ğ’ĞµÑĞ½Ğ°,#Ğ’Ğ¾Ğ·Ğ´ÑƒÑ…,#ĞĞ°ÑÑ‚Ñ€Ğ¾ĞµĞ½Ğ¸Ğµ,#Ğ–Ğ¸Ğ·Ğ½ÑŒ,# @ Saint Petersburg, Russia https://t.co/TcxC8Oc5Z5",59.95,30.317
"Quake: M 6.4 near Reuleuet, Indonesia (Tue, 06 Dec 2016 22:03:34 GMT) https://t.co/pM0moxLqJp",5.308,96.269
"#Ğ¡Ğ°Ğ½ĞºÑ‚ĞŸĞµÑ‚ĞµÑ€Ğ±ÑƒÑ€Ğ³,#Ğ­Ñ‚Ğ¾ĞŸĞ¸Ñ‚ĞµÑ€Ğ”ĞµÑ‚ĞºĞ°,#Ğ’ĞµÑĞ½Ğ°,#Ğ’Ğ¾Ğ·Ğ´ÑƒÑ…,#ĞĞ°ÑÑ‚Ñ€Ğ¾ĞµĞ½Ğ¸Ğµ,#Ğ–Ğ¸Ğ·Ğ½ÑŒ,# @ Saint Petersburg, Russia https://t.co/6Rv7a6nq9s",59.95,30.317
The FCA is making sure the UK's biggest asset managers have a plan for #Brexit https://t.co/JFpmMiRO8t #Business https://t.co/XntxiISUTX,51.607,-0.198
"Local Weather @ 09:30:02 01/06/2017
Temp 19.4 ÂºC Current Wind/Gust 9.1 - 11.7 mph Wind:SW
Rainfall today 0.0 Baro:1020.41 &amp; Falling",52.251,0.102
Design francÃªs ğŸ–ŠğŸ‡«ğŸ‡·#chair #stopover #paris #airport #cdg #dior #prada #design #frenchdesignâ€¦ https://t.co/HHIKJK4wh7,49.01,2.547
"Carbonara is in the house! 

#foodlover #foodlover #food #foodporn #foodstagramâ€¦ https://t.co/0NwCBjYeRj",14.557,121.029
"Starbucks Kaffee in der Hand, aber Ã¼ber den Preis fÃ¼rs Busticket nÃ¶rgeln. Spezialexpertenâ„¢",51.96,7.63
"I'm at London Bridge Railway Station - @nationalrailenq in London, Greater London https://t.co/re9U7D10fB",51.504,-0.085
Milo Volcano ğŸ§ #foodie #dessertthailand #dessert #bingsu #koreabingsu #Trang #trangtrips60â€¦ https://t.co/znkwg9elf2,7.556,99.614
ğŸ¤ğŸœğŸ²ğŸ£ğŸ± #tokyojoe #smseaside #lunch #bento #japanese #food @ SM Seaside City Cebu https://t.co/xxe14J4mQ5,10.282,123.881
"A barber comes to Noko cutting by the sea!
#islandlife #noko #barberâ€¦ https://t.co/rJeyJtVQE2",33.612,130.311
Das Hashtag #Favre war auf Platz 12 im Top20 von den Trends in Frankfurt am Mittwoch 31: https://t.co/NsBR3zLWsg #trndnl,50.112,8.683
"Sat 03 Jun: Sinksen Brunch, Beer &amp; Burgers https://t.co/fDYtGCyg8v #Kortrijk #Food&amp;drinks #hoplr https://t.co/K1IxTdjdZ9",50.83,3.264
"new style âœ‚ï¸
#VREEA #ãƒ¡ãƒ³ã‚ºãƒ˜ã‚¢ #ã‚«ãƒƒãƒˆ #ã‚«ãƒ©ãƒ¼ #ä½œå“æ’®ã‚Š #ã‹ã£ã“ã„ã„ #ã‚’ã¤ãã‚‹ #hair #hairstyle #mensstyle #shootingâ€¦ https://t.co/JXSAMibR3E",35.671,139.708
#liveleak Divine Tornado Caught on Cam in Chihuahua Mexico https://t.co/FOyZ0hp1Oq,51.777,19.454
"Tragedy As Pirates Kidnapped &amp; Gruesomely Killed Nigerian Man, Capt. Chris Ndukwe At Seaâ€¦ https://t.co/hKoUBk3yKXâ€¦ https://t.co/YpHjpEntSn",6.467,3.492
"What's your favourite season? Comment below! ğŸ‚ğŸƒ @ London, United Kingdom https://t.co/78iIAKnWuI",51.507,-0.127
Loading ğŸ“âœŒ @bestimagegroup @videosanatcom @Bahcesehir @ Abdi Ä°pekÃ§iâ€¦ https://t.co/v4G5maojxJ,40.997,28.919
CEBâœˆï¸DVOâœˆï¸SIN â€¢05.25.17â€¢ SingaporeğŸ‡¸ğŸ‡¬ Day 1 @ Changi Airport https://t.co/TjLCuwtDcw,1.356,103.988
"#Ğ¡Ğ°Ğ½ĞºÑ‚ĞŸĞµÑ‚ĞµÑ€Ğ±ÑƒÑ€Ğ³,#Ğ­Ñ‚Ğ¾ĞŸĞ¸Ñ‚ĞµÑ€Ğ”ĞµÑ‚ĞºĞ°,#Ğ’ĞµÑĞ½Ğ°,#Ğ’Ğ¾Ğ·Ğ´ÑƒÑ…,#ĞĞ°ÑÑ‚Ñ€Ğ¾ĞµĞ½Ğ¸Ğµ,#Ğ–Ğ¸Ğ·Ğ½ÑŒ,# @ Saint Petersburg, Russia https://t.co/OzADmOtTTv",59.95,30.317
"10,000sft to 1 lakh sft built to suit ware house at Kukatpally w/ power and water facility #Warehouse #Godown
https://t.co/tekgoYv8YP",17.486,78.413
Stastny medzinarodny Den Deti! Happy International Children' s Day! #wearetheworldâ€¦ https://t.co/EtNimDZTWg,49.06,20.307
British Nurse Who Survived After Contacting Ebola Returns To See The Patient She Was Tryingâ€¦â€¦ https://t.co/G31wDKw9SR,6.467,3.492
"ThÃ¹ng rÃ¡c nhá»±a 90â€¦, MÃY / Váº¬T LIá»†U / XÃ‚Yâ€¦ - Ngoáº¡i tháº¥t, ThÃ nh phá»‘ Há»“ ChÃ­â€¦ - Huyá»‡n BÃ¬nh ChÃ¡nh, 380.000â‚« - https://t.co/ETAlT7IMxQ",10.767,106.621
"""Per anni iÂ bulliÂ mi hanno fatto credere di non valere nulla e che la mia anima fosseâ€¦ https://t.co/AwJWIGlnnk",45.467,9.2
"ğŸš‚ #RB6809 LUXâ†’Rodange
Departure 9:18
has a short delay
#CFL50",49.599,6.133
"Good morning from #FryslÃ¢n! The #weather so calm, the water surface so smooth â€“ will be aâ€¦ https://t.co/hCAazUIBSX",52.954,5.588
The shortest Trends on Wednesday 31 in United Kingdom had only 4 characters long: https://t.co/Gn7w8E0CSj #trndnl,51.506,-0.127
"Manisa, TÃ¼rkiye
ML 2.2 (111 min ago)
6.0km 38.77Â°N 27.78Â°E
Jun 1, 2017 06:37:15 UTC
#earthquake",38.77,27.78
I'm at Polar Bear Freezing &amp; Cold Storage Corp. in Quezon City https://t.co/1HJqJyvpDp,14.604,121.092
"Step forward into growth. .ğŸ™ŒğŸ™
#YouCanHaveIt
#LiveBigger @ London, United Kingdom https://t.co/55m2Eo1bXR",51.507,-0.127
#food @ å±‹é¦¬ç‡’è‚‰ https://t.co/DqZmiU45EX,24.166,120.645
"ğŸŒ #Ğ½ĞµĞ±Ğ¾ #sky #Himmel #cielo @ Tula, Russia https://t.co/U1mg55fZX7",54.2,37.617
Wednesday's Touch Rugby with the Bridge Boys! #BridgeBoys #FitFam #Training #instagayâ€¦ https://t.co/QsU9seRCmc,51.458,-0.149
Not messing about are they? #n17 #spurs #whitehartlane #Tottenham #coys #boysfromwhitehartlaneâ€¦ https://t.co/0sOaOwVAud,51.603,-0.066
Mari Pulang...... @ Hong Kong International Aiport é¦™æ¸¯åœ‹éš›æ©Ÿå ´ (HKG -VHHH) https://t.co/5ARjmKNgy6,22.315,113.934
"Umbria, Italia
ML 2.2 (10 min ago)
9.0km 42.76Â°N 12.53Â°E
May 30, 2017 20:22:08 UTC
#earthquake",42.76,12.53
Shadows on the Gallows Bridge @ Boston Manor https://t.co/okzOuT8Ab0,51.492,-0.318
"#Ğ¡Ğ°Ğ½ĞºÑ‚ĞŸĞµÑ‚ĞµÑ€Ğ±ÑƒÑ€Ğ³,#Ğ­Ñ‚Ğ¾ĞŸĞ¸Ñ‚ĞµÑ€Ğ”ĞµÑ‚ĞºĞ°,#Ğ’Ğ¾Ğ·Ğ´ÑƒÑ…,#Ğ’ĞµÑĞ½Ğ°,#ĞĞ°ÑÑ‚Ñ€Ğ¾ĞµĞ½Ğ¸Ğµ,#Ğ–Ğ¸Ğ·Ğ½ÑŒ,# @ Saint Petersburg, Russia https://t.co/g4LXGtQXSl",59.95,30.317
"TheÂ seaÂ awokeÂ atÂ midnightÂ fromÂ itsÂ sleep, Â AndÂ roundÂ theÂ pebblyÂ beachesÂ farÂ andÂ wideâ€¦ https://t.co/WjBlylbbQI",37.533,25.167
"Campania, Italia
ML 2.3 (9 min ago)
11.0km 40.77Â°N 15.33Â°E
May 30, 2017 21:02:44 UTC
#earthquake",40.77,15.33
"I'm at Ace Water Spa in Pasig City, Philippines w/ @ceejaybellen https://t.co/5hHnb0X4DF https://t.co/SxAjr8186r",14.574,121.059
Air ambulance to land at A13 crash #Maldon https://t.co/zhFLzg7F49 https://t.co/Gv2H7AJhh3,51.729,0.688
Part 2 : Special thnx to coach Nart and coach Mahran from Jordan knights #zaynghazawi #footballâ€¦ https://t.co/VjxBpaCuCY,31.931,35.844
#Travel #tour #tourist #istanbul #turkey #arab #qatar #saudi #iraq #bahrain #gulf  #tourismâ€¦ https://t.co/7oELl1jWs8,41.019,28.965
Landing a big flying headbutt &amp; Arron warnes decides to kick out just before 3 and sends me inâ€¦ https://t.co/AE3bKstr0Y,51.933,1.274
"#Ğ¡Ğ°Ğ½ĞºÑ‚ĞŸĞµÑ‚ĞµÑ€Ğ±ÑƒÑ€Ğ³,#Ğ­Ñ‚Ğ¾ĞŸĞ¸Ñ‚ĞµÑ€Ğ”ĞµÑ‚ĞºĞ°,#Ğ’ĞµÑĞ½Ğ°,#Ğ’Ğ¾Ğ·Ğ´ÑƒÑ…,#ĞĞ°ÑÑ‚Ñ€Ğ¾ĞµĞ½Ğ¸Ğµ,#Ğ–Ğ¸Ğ·Ğ½ÑŒ,# @ Saint Petersburg, Russia https://t.co/0gLV3O33EM",59.95,30.317
"current weather in Chkalov: broken clouds, 22Â°C
68% humidity, wind 4kmh, pressure 1009mb",51.79,55.12
"#Ù…Ø­Ù…Ø¯ #ØµÙ„Ù‰_Ø§Ù„Ù„Ù‡_Ø¹Ù„ÙŠÙ‡_ÙˆØ³Ù„Ù…
#Ø§Ù„Ù…Ø¯ÙŠÙ†Ø©_Ø§Ù„Ù…Ù†ÙˆØ±Ø© @ Dubai, United Arab Emirates https://t.co/WfnylQLsJi",25.252,55.28
"To all staff of Ayisha  inform you that donation of Rs. 200.00 for flood relief fund will deduction from this month salary.

-  principal -",7.167,80.575
Whoop Whoop ğŸ‰ AnlÃ¤sslich meines 30. Geburtstags verlose ich auf Facebook ein Shooting ğŸ¥‚ Was Ihrâ€¦ https://t.co/0j0xZ8HOx1,48.046,8.7
"Umbria, Italia
ML 2.8 (23 min ago)
10.0km 42.81Â°N 13.13Â°E
May 30, 2017 18:00:36 UTC
#earthquake",42.81,13.13
"#TheNerveAfrica
Meet Seun Agbelusi at TheNerve Africaâ€™s Branding and Marketing Speedcourse. Seunâ€¦ https://t.co/3SHlrVOJXl",6.453,3.396
"#Ğ¡Ğ°Ğ½ĞºÑ‚ĞŸĞµÑ‚ĞµÑ€Ğ±ÑƒÑ€Ğ³,#Ğ­Ñ‚Ğ¾ĞŸĞ¸Ñ‚ĞµÑ€Ğ”ĞµÑ‚ĞºĞ°,#Ğ’ĞµÑĞ½Ğ°,#Ğ’Ğ¾Ğ·Ğ´ÑƒÑ…,#ĞĞ°ÑÑ‚Ñ€Ğ¾ĞµĞ½Ğ¸Ğµ,#Ğ–Ğ¸Ğ·Ğ½ÑŒ,# @ Saint Petersburg, Russia https://t.co/yeN582WHLw",59.95,30.317
"Damit niemand suchen muss, hier ein Link um von @xing_de los zu kommen:

https://t.co/N88La8FWZc",51.986,5.899
"ã‚„ã£ã¨å±Šã„ãŸã€‚æ¯æœˆ100GBä½¿ã„å€’ã—ã™ãw #fujiwifi @ Fukushima, Fukushima https://t.co/1kFlMTe1Kq",37.767,140.467
"current weather in Karaj: clear sky, 30Â°C
10% humidity, wind 8kmh, pressure 1010mb",35.72,51.11
Beautiful wedding by the sea on the beach at #thorpenesscountryclub with a great fun coupleâ€¦ https://t.co/Klwd6ZeayQ,52.182,1.607
#holiday #mallorca @ Blue Sea Gran Playa https://t.co/7b7LQxxrOx,39.577,3.375
"Ù„ÙˆÙ ÙƒØ§Ù†Ù‘ Ù„ÙÙŠ Ø£Ù†Ù Ø§ÙƒÙˆÙ†Ù‘ Ø´ÙŠØ¦Ù‹Ø§ Ù„Ùƒ ØŒ
Ù„ÙƒÙÙ†ØªÙ Ù†Ø¨Ø¶Ù‹Ø§ Ù„Ø§ ÙŠÙØ§Ø±Ù‚Ù‘ Ù‚ÙÙ„Ø¨Ùƒ Ø£Ø¨ÙØ¯Ø¢ @ Frankfurt Brooklyn Bridge https://t.co/k7PU3TX0eP",50.108,8.683
"ğŸš‚ #IC2133 LUXâ†’BRUXELLES-MIDI (Belgium)
Departure 10:09
has a short delay
#CFL50",49.599,6.133
"current weather in Abu Dhabi: clear sky, 37Â°C
50% humidity, wind 3kmh, pressure 999mb",24.44,54.42
South Africa please - Wifi in the cab! We can do this.... #CAYESA #letsdogreatthings @ Banglaâ€¦ https://t.co/zmBnuqdTSb,28.626,77.209
é¢¨å‘ããŒå¤‰ã‚ã£ãŸãŸã‚ã€æ»‘èµ°è·¯ã‚’å¤‰æ›´ã—ã¦ç€é™¸ã„ãŸã—ã¾ã™ğŸ›¬ #landing #airport #ana30 #ana #hanedaairport #timelapse #hyperlapseâ€¦ https://t.co/RMdqufWX5E,35.549,139.784
"Il primo panino gourmet di Ostia ""il San Pietrino con Gamberoni e Avocado"" #love #foodporn #foodâ€¦ https://t.co/CTyAmVcIuD",41.732,12.277
Stille pÃ¥ landet? Langt i fra. Ihvertfall ikke om du har en stor stÃ¦rflokk boende utenforâ€¦ https://t.co/5XsOICKb0h,59.204,10.984
At Jln Sea â€” https://t.co/haCeQ1DpfB,1.447,124.811
"#island #krabi #sea @ à¹€à¸à¸²à¸°à¸›à¸­à¸”à¸° ,Poda Island à¸ˆ. à¸à¸£à¸°à¸šà¸µà¹ˆ https://t.co/U7xHaIyoso",7.975,98.812
De Hefbrug in Alphen aan den Rijn is weer dicht. Zie https://t.co/zCqSr3mrjr #brugopen,52.118,4.674
Patentado en USA garantizando la absorciÃ³n del oxido nÃ­trico y su metabolizaciÃ³n total; es unâ€¦ https://t.co/y1sSJWUnzb,41.396,2.154
Den offentliga examinationen fÃ¶r kursdeltagarna pÃ¥ Ã…r tvÃ¥ pÃ¥ Serieskolan i MalmÃ¶ pÃ¥gÃ¥r i dettaâ€¦ https://t.co/dyrgEkarwj,55.601,12.994
"I'm at SEA LIFE Bangkok Ocean World - @siamoceanworld in Pathum Wan, Bangkok https://t.co/Mecyf7hUzn",13.746,100.535
"Enjway Cool cool water @ Qila Sada Singh, Punjab, Pakistan https://t.co/bgrDPF23E2",30.65,73.933
"11 protocolli pilota in Lombardia con Comuni, NGO, GDO, mense contro sprechi alimentari: 830T recuperate x1,6M pasti https://t.co/nbjii90KcB",45.402,9.926
"á€¡á€á€ºá€…á€¹â€‹á€™á€½á€¬á‚á€­á€¯á€¸á‚á€­á€¯á€¸á€•á€²â€‹á€±á€á€¼á€¸á€á€šá€¹â€‹...

&gt;&gt;Credit @ Mandalay, Myanmar https://t.co/WKWfRpgQAC",21.976,96.081
Ontbijtje in de zon #zzplife #denhaag #genieten #bofkont @ Anne&amp;Max Den Haag Kerkplein https://t.co/P4uCo2v8aC,52.078,4.307
"#Ğ¼Ñ‹Ğ½Ğ°Ğ²Ğ°Ğ»Ğ¸Ğ²Ğ°ĞµĞ¼Ğ±Ğ°Ñ 
#Ğ½ĞµĞ·Ğ°Ğ±Ğ¸Ñ€Ğ°Ğ¹Ğ¼ĞµĞ½ÑÑĞ¿Ğ°Ñ‚Ğ¸
#BOVALIGURA #DJKICH @ Lipetsk, Russia https://t.co/nmR6RFueOb",52.617,39.6
"I'm at Hammersmith Bridge in London, Greater London https://t.co/71PNb6zA3Z",51.489,-0.23
"Just posted a photo @ Abu Dhabi, United Arab Emirates https://t.co/ycNdhiUBR0",24.467,54.367
"Botanical gardens. Staff only. @ Yekaterinburg, Sverdlovskaya Oblast', Russia https://t.co/pOw6obcCvd",56.85,60.6
"current weather in Riyadh: clear sky, 39Â°C
12% humidity, wind 7kmh, pressure 1013mb",24.65,46.71
Oferta del 1 al 8 de Junio 17 @ Las Termas de Ruham - Castellon Centro https://t.co/bXRN619JG0,39.987,-0.039
"Right now shooting is going on here. (@ Ampa Skywalk - @cafecoffeeday in Chennai, TN) https://t.co/woF2Bs6LkX",13.074,80.221
"Bajova kula.
ğŸ‡²ğŸ‡ª
#montenegro #mojacrnagora #discover #travel #explore #sea #kotor #bayofkotorâ€¦ https://t.co/Cv1NlnvMpW",42.368,19.246
Oferta del 1 al 8 de Junio 17 @ Las Termas de Ruham - Castellon Centro https://t.co/SL9ZKq0lBv,39.987,-0.039
"If you're looking for work in #Cairo, Cairo Governorate, check out this #job: https://t.co/36O59xd3AX #Marketing #Hiring",30.044,31.236
"Day 31: US ğŸ’• #CleomiJehannePhotographyChallenge @ Las PiÃ±as, Philippines https://t.co/4uRe48ydkk",14.45,120.967
Clinton blames US-Russia collusion for election loss https://t.co/OLMzZQ22OX,5.027,7.916
"Born readyâ™ ï¸â™ ï¸ #shooting #londontown #london #mcmlondon #idiaaisien @ London, United Kingdom https://t.co/lOPGSMEKtl",51.507,-0.127
"current weather in Tabriz: few clouds, 10Â°C
12% humidity, wind 3kmh, pressure 1014mb",38.08,46.29
#alexandria #egypt #maamoura #sunset #Ğ°Ğ»ĞµĞºÑĞ°Ğ½Ğ´Ñ€Ğ¸Ñ #ĞµĞ³Ğ¸Ğ¿ĞµÑ‚ @ Maamoura Beach https://t.co/zno6IauB6V,31.288,30.033
æ‚ é–’çš„åˆå¾Œæ™‚å…‰ä¸å¤šäº† #lifestyle #food #taipei #taiwan #brunch @ æ–°èŠIKEAå®œå®¶å®œå±…-ç‘å…¸é¤å»³ https://t.co/sbZEsvn7Td,25.041,121.465
PM: Neues Spielfeld fÃ¼r den Breitensport: 7Sports und Sportdeutschland ...  https://t.co/HSZUVjDOui,48.192,11.646
@tokyo_goldfish Have a safe flight Sam! Job hunting there?,51.652,-0.253
"Albania
M 3.2 (9 min ago)
2.0f 40.97Â°N 20.51Â°E
Jun 1, 2017 08:45:00 UTC
#earthquake",40.97,20.51
"Manisa, TÃ¼rkiye
ML 2.0 (87 min ago)
8.0km 38.76Â°N 27.76Â°E
Jun 1, 2017 07:26:21 UTC
#earthquake",38.76,27.76
"current weather in Saratov: light rain, 24Â°C
67% humidity, wind 7kmh, pressure 1005mb",51.54,45.96
#boat #waves #waterscape #kiev #kievlife #water #reflection #s1mple_shots #photo #plantsâ€¦ https://t.co/OhN4xWOwFf,50.378,30.509
"Ğ¡ĞµÑÑĞ¸Ñ Ğ½Ğµ Ğ¾Ñ‚Ğ¿ÑƒÑĞºĞ°ĞµÑ‚. Ğ¡Ğ½Ğ¾Ğ²Ğ° Ğ² Ğ¿ÑƒÑ‚ÑŒğŸ’ªğŸ» @ Saratov, Russia https://t.co/S6iddPzLvt",51.533,46.017
"Manchmal steht man sich einfach nur selber im Weg und verliert den Durchblick. Da hilft es, sichâ€¦ https://t.co/IaB8seH69H",53.564,9.755
"Just posted a photo @ Beirut, Lebanon https://t.co/HGseeRzsUT",33.887,35.513
"#Ğ¡Ğ°Ğ½ĞºÑ‚ĞŸĞµÑ‚ĞµÑ€Ğ±ÑƒÑ€Ğ³,#Ğ­Ñ‚Ğ¾ĞŸĞ¸Ñ‚ĞµÑ€Ğ”ĞµÑ‚ĞºĞ°,#Ğ’ĞµÑĞ½Ğ°,#Ğ’Ğ¾Ğ·Ğ´ÑƒÑ…,#ĞĞ°ÑÑ‚Ñ€Ğ¾ĞµĞ½Ğ¸Ğµ,#Ğ–Ğ¸Ğ·Ğ½ÑŒ,# @ Saint Petersburg, Russia https://t.co/KsRDnnpMx7",59.95,30.317
Scallop with its roe. (And sea water?).. @chefdanhunter lowejames #London #worlds50bestâ€¦ https://t.co/MBwv7uTOaR,51.524,-0.076
ï¼»æ°—è±¡åºæƒ…å ±ï¼½31æ—¥ã€€01æ™‚18åˆ†é ƒã€€ç†Šæœ¬çœŒç†Šæœ¬åœ°æ–¹ï¼ˆN32.6/E130.7ï¼‰ã«ã¦ã€€æœ€å¤§éœ‡åº¦1ï¼ˆM2.6ï¼‰ã®åœ°éœ‡ãŒç™ºç”Ÿã€‚ã€€éœ‡æºã®æ·±ã•ã¯10kmã€‚( https://t.co/02MSggsTjP ) #saigai #jishin #earthquake,32.6,130.7
"Lagos, Gauteng Province Have Capacity To Drive Africaâ€™s Economy â€“ Ambode https://t.co/3i5nArAm63",5.043,7.907
"current weather in Hamadan: clear sky, 25Â°C
10% humidity, wind 2kmh, pressure 1015mb",34.89,48.63
"Have a great Weekend ğŸ˜˜ğŸ‘ğŸ¼ @ London, United Kingdom https://t.co/2vGexiTooa",51.507,-0.127
Just posted a photo @ Sea life  family resort https://t.co/ehV4szcEvD,36.861,30.627
BlackBerry KEYone fa registrare il tutto esaurito online negli USA https://t.co/ScM7B1YmIB #Android https://t.co/INScRNzV80,47.505,19.048
"current weather in Ahvaz: clear sky, 40Â°C
17% humidity, wind 7kmh, pressure 1004mb",31.34,48.68
"The ShinkyÅ Bridge (ç¥æ©‹) is a beautiful, wooden and vermilion-lacquered bridge that is the gateway to the sacred NikkÅ Mountains.",36.757,139.6
"hello #June /
#welcome back to our lives /
a view of #Astypalaia
#sea #rocks #blue #aegean #seaâ€¦ https://t.co/Zhnn2jzNm8",36.545,26.353
"I'm at Gatchalian Subdivision in Las PiÃ±as City, Metro Manila https://t.co/aSrhs4ksCD",14.472,120.994
#rus Ğ’ Ğ¡Ğ¨Ğ Ğ¾Ñ„Ğ¸Ñ†Ğ¸Ğ°Ğ»ÑŒĞ½Ğ¾ Ñ€Ğ°Ğ·Ñ€ĞµÑˆĞ¸Ğ»Ğ¸ ÑĞ»ĞµĞ´Ğ¸Ñ‚ÑŒ Ğ·Ğ° Ğ¶ÑƒÑ€Ğ½Ğ°Ğ»Ğ¸ÑÑ‚Ğ°Ğ¼Ğ¸ https://t.co/jHnrAK8dLv,51.777,19.454
"current weather in Tolyatti: light rain, 21Â°C
65% humidity, wind 6kmh, pressure 1002mb",53.52,49.4
TÃ½den Astrid LindgrenovÃ© v Praze zaÄÃ­nÃ¡ #astridlindgren #praha #pipidlouhapuncochaâ€¦ https://t.co/8lgFIHtmzg,50.083,14.417
FotoÄŸraf 2015'ten ama kardeÅŸliÄŸimiz 1997'den beri... Ä°yi ki doÄŸdunâ€¦ https://t.co/Jep79jv8PS,39.927,32.864
Thai-tea ice-cream ğŸ¦ @ Skoop Beach CafÃ© Hua Hin https://t.co/KrUzzuTxTw,12.518,99.978
A relaxed warm weather shoe is what you need these days. Here's the Flex in Suede to do justâ€¦ https://t.co/YWC2OZyzwm,50.84,4.464
#ICE  77777 ğŸ˜® @ Leipzig Hauptbahnhof https://t.co/7wCMbjRL3Y,51.345,12.382
"I'm at SV Flight Operations ï¸ in Jeddah, Makkah https://t.co/wlGXoATR66",21.66,39.148
"#Ğ¡Ğ°Ğ½ĞºÑ‚ĞŸĞµÑ‚ĞµÑ€Ğ±ÑƒÑ€Ğ³,#Ğ­Ñ‚Ğ¾ĞŸĞ¸Ñ‚ĞµÑ€Ğ”ĞµÑ‚ĞºĞ°,#Ğ’ĞµÑĞ½Ğ°,#Ğ’Ğ¾Ğ·Ğ´ÑƒÑ…,#ĞĞ°ÑÑ‚Ñ€Ğ¾ĞµĞ½Ğ¸Ğµ,#Ğ–Ğ¸Ğ·Ğ½ÑŒ,# @ Saint Petersburg, Russia https://t.co/ddK8qTeujh",59.95,30.317
Nigeria accounts for 40% of gas flared annually in Africa â€” Senate https://t.co/CGtGretQM5,6.516,3.351
"Ãˆ arrivato il momento di ringraziare, salutare e continuare la mia strada âš½ï¸Sono stati piÃ¹ di 3â€¦ https://t.co/cFzd7PXzsf",44.411,8.933
"current weather in Kirov: moderate rain, 13Â°C
96% humidity, wind 12kmh, pressure 984mb",58.59,49.66
Die Toilette in den Reinigungsmodus versetzt und natÃ¼rlich mÃ¼sste ich dann direkt pinkeln. Das ist auch so ein Naturgesetz oder?! #hibbel,50.711,7.107
#spb #saintpetersburg #russia #gazprom @ Ğ ĞµÑÑ‚Ğ¾Ñ€Ğ°Ğ½ Â«ĞœĞ°Ğ½ÑĞ°Ñ€Ğ´Ğ°Â» https://t.co/1LQEh6ycQD,59.933,30.304
"Beachday! ğŸ˜„ğŸ˜
#salernotravel #praiano #salerno #beach #beachday #sea #ocean #amalficoastâ€¦ https://t.co/77n1rlcUzq",40.617,14.533
"#Ğ½Ğ°ĞºĞ°Ğ·Ğ°Ğ»Ğ° #Ğ¿Ğ¾Ğ»Ğ¸Ñ†Ğ¸Ñ #ğŸ˜‚ğŸ˜‚ğŸ˜‚ @ Saint Petersburg, Russia https://t.co/nuwN3KwnDs",59.95,30.317
"Last year â¤ï¸â¤ï¸ @ London, United Kingdom https://t.co/UXZmr0T5Mz",51.507,-0.127
"Coffee with Crazy Ex-Girlfriend. @ London, United Kingdom https://t.co/SVX92CrJpM",51.507,-0.127
Happy International Flight Attendant Day Uollsss... biarpon lambat sehari ğŸ˜†ğŸ˜† nak jugak. Kakakâ€¦ https://t.co/bcXrORI1UH,21.543,39.173
Pair lama united semula! #BigBoss @ Padang Sintetik mpk https://t.co/R84NopvRYJ,3.812,103.322
#FirstDay #NewJob @ London Bridge Station https://t.co/FsKOXHwDVo,51.504,-0.085
De #zegerbrug in Alphen aan den Rijn ging zojuist open om 10:56. Zie https://t.co/zCqSr3mrjr #brugopen,52.143,4.702
"This DR CT mod with sailor grips is for customer from Russia! 

ğŸŒ Order your next penspinningâ€¦ https://t.co/Kpq8JT5IlA",43.519,77.775
"When Jesus says YES... #london #shooting #idiaaisien #londontown @ London, United Kingdom https://t.co/ESSv34lIaw",51.507,-0.127
"#italy #italia #vatican #vaticano #roma @ Vaticano, Roma https://t.co/yZz2uUOlUo",41.902,12.454
"current weather in Ufa: overcast clouds, 18Â°C
65% humidity, wind 6kmh, pressure 1004mb",54.76,56.04
"Piemonte, Italia
ML 2.0 (40 min ago)
10.0km 44.49Â°N 6.87Â°E
May 31, 2017 20:47:04 UTC
#earthquake",44.49,6.87
ï¼»æ°—è±¡åºæƒ…å ±ï¼½01æ—¥ã€€07æ™‚36åˆ†é ƒã€€ä¼Šäºˆç˜ï¼ˆN33.6/E131.9ï¼‰ã«ã¦ã€€æœ€å¤§éœ‡åº¦1ï¼ˆM3.3ï¼‰ã®åœ°éœ‡ãŒç™ºç”Ÿã€‚ã€€éœ‡æºã®æ·±ã•ã¯70kmã€‚( https://t.co/TOy8i5p0ku ) #saigai #jishin #earthquake,33.6,131.9
#ë§›ìŠ¤íƒ€ê·¸ë¨ #í‘¸ë“œ #food #í‘¸ë“œìŠ¤íƒ€ê·¸ë¨ #ë§›ì§‘íƒë°© #ë°¥ìŠ¤íƒ€ #í‘¸ë“œ #ìš”ë¦¬ #ìš”ë¦¬ìŠ¤íƒ€ê·¸ë¨ #ë¨¹ë°© #ë¨¹ìŠ¤íƒ€ê·¸ë¨ #ë§›ìŠ¤íƒ€ê·¸ë¨ #ë¨¹ìŠ¤íƒ€ #ë§›ì§‘ì¶”ì²œ #ê°„ì‹ #ë°¥ìŠ¤íƒ€ê·¸ë¨â€¦ https://t.co/bvM8k2HJfU,37.598,127.015
@ThrowbackAds the 1st mention of 'Martina Navratilova' appears on your TL. Now is Trending Topic in United Kingdom! #trndnl,51.506,-0.127
De #den #uylbrug in #zaandam ging open om 10:14 en zal 4 minuten open zijn. Zie https://t.co/zCqSr3mrjr #brugopen,52.428,4.834
Walaupun shooting berbulan2 di negara orang Saya Indonesia Saya Pancasila. Selamat Hari Lahirâ€¦ https://t.co/P5vkcu6a2O,3.167,101.7
"ã€17:00æ™‚ç‚¹ 19.3â„ƒ 90ï¼…ã€‘
23.7~19.0â„ƒ
â˜…æ³¨æ„å ±:æ¿ƒéœ§
ï¼ç¦å³¶çœŒç¦å³¶å¸‚ #fukushima #ç¦å³¶ https://t.co/H2Js2cxD5O",37.758,140.47
"https://t.co/hrRQ3ayHkc

#NAKED #MUSICVIDEO #FRAME #TATTOO #WING @ London, United Kingdom https://t.co/87cBj4uPNU",51.507,-0.127
ğŸ‡®ğŸ‡¹ #Lucchese (yesterday) #LegaPro at https://t.co/nODVvcicQW,44.795,10.338
I'm at Yemen Kahvesi in Antalya https://t.co/SZJbKTduIW,36.905,30.68
"Simple touches 
#igersuae #igersdxb #igersdubai #dubai #uae #dxb #modeling #portraits @ Dubaiâ€¦ https://t.co/kN5LuCFGSC",25.084,55.146
Sunset at my favourite European city ğŸ‡¨ğŸ‡¿ @ Charles Bridge Palace https://t.co/765yJJtkdb,50.085,14.414
Sticks &amp; Spoons Headquarters #salad #crispy #salmon #food #homecooking #homestyle #cookingâ€¦ https://t.co/dttI0qOvmv,57.707,11.969
De Hefbrug in Alphen aan den Rijn ging zojuist open om 10:16. Zie https://t.co/zCqSr3E2aZ #brugopen,52.118,4.674
"current weather in Perm: clear sky, 15Â°C
33% humidity, wind 8kmh, pressure 1006mb",58.03,56.23
Zlatan kicks a football again! https://t.co/4trKQtSySw https://t.co/hgxIpzmvQc,41.672,44.86
"#climatechange #Moscow #weather â›ˆğŸŒªğŸ¤” @ Moscow, Russia https://t.co/C8bUDj1U87",55.752,37.616
PM: Mobile Health: Der Arzt rÃ¼ckt in den Mittelpunkt / Deloitte-Studie ...  https://t.co/t5aCXI0OGl,48.135,11.582
Danish khan #shooting #filmshoot #filmmaking #actor #actorlife #play #pakistan #inspectorâ€¦ https://t.co/I511EuAWNI,18.975,72.826
"current weather in Dubai: clear sky, 39Â°C
35% humidity, wind 3kmh, pressure 1000mb",25.27,55.31
"Directed by studiocerilla_ 
Videography by salt.bandits 
Styled by @ryujishiomitsu, @gailmereriaâ€¦ https://t.co/sWtqBW5LZM",14.557,121.029
#Classof99 #wearsunscreen #geneva #Jetd'eauGenÃ¨ve @ Jet d'eau GenÃ¨ve https://t.co/B2RKp4tk8d,46.205,6.153
Escala em Paris ğŸ›©â±ğŸ‡«ğŸ‡·#stopover #paris #cdg #airport #france #europe #europa #eurotrip #mywayâ€¦ https://t.co/4FSUKuE1YA,49.01,2.547
#Essex: Residents could be left without running water for up to four hours https://t.co/0NNCyiAh9t https://t.co/vRIOCKPCdn,51.725,0.462
"GMâ˜€ï¸
Ğ½Ğ°Ñ€Ğ¸ÑĞ¾Ğ²Ğ°Ğ»ğŸ¨ Ñ‚ĞµĞ¿ĞµÑ€ÑŒ Ñ…Ğ¾Ñ‡Ñƒ Ğ¿Ğ¾Ğ´Ğ°Ñ€Ğ¸Ñ‚ÑŒ..
Ğ§Ñ‚Ğ¾ ÑĞºĞ°Ğ¶Ğ¸Ñ‚Ğµ?)) @ Saint Petersburg, Russia https://t.co/YeWRXiYUUX",59.95,30.317
"Still not quite over #marrypoppins at the Dubai Opera House! @ Dubai, United Arab Emirates https://t.co/WgkJSOjEO3",25.252,55.28
137 benutzer und 151 tweets (129 RTs) in 2 wochen drehte den hashtag 'Bilder des Jahres' in trend. #trndnl,52.516,13.377
Heading Home. #delta #deltaairlines  #flydelta #airbus #a330 #munich #muc #flughafen #cloudsâ€¦ https://t.co/FGYt5hqYXi,48.35,11.789
Two vehicle crash partially blocks a #Benfleet road https://t.co/7WcR8gCr8V #Southend https://t.co/ZGMI565JsW,51.547,0.665
VR game Star Trek: Bridge Crew tested https://t.co/pqQxbW7Dn4 #business #marketing,51.75,-0.339
Den morgen mit meinen 2 kleinsten im Tierpark Nadermann verbringen ğŸ˜ @ Tierpark Nadermann https://t.co/uGYbKuT66Z,51.797,8.497
"The Niger State Govt is seriously making efforts to improve the PHC, to meet the demands of the masses. 

#NothingAboutUsWithoutUs",9.604,6.579
"I'm at Station Den Haag Centraal in Den Haag, Zuid-Holland https://t.co/MatYv5R5P0",52.08,4.325
"â’ #kltu
â’ #kabul
â’ #Juventus
â’ Japan
â’‘ Manchester United

2017/6/1 15:57 +08 #trndnl https://t.co/3ZpGNCIaQz",3.945,114.402
"brb @ problems 

now to bum around here til our next flight for around 8 hours @ ç¾éº—ç©ºå§å¤§è…¿ä¸Š Taiwanâ€¦ https://t.co/kD8Y0rPjc3",25.082,121.237
"Manisa, TÃ¼rkiye
ML 2.7 (13 min ago)
5.0km 38.81Â°N 27.69Â°E
Jun 1, 2017 07:39:11 UTC
#earthquake",38.81,27.69
I'm at FUJINOEKI (Earthquake Simulation Center) https://t.co/1yW9pPkgEx,35.491,138.762
"Italy
ML 2.1 (13 min ago)
138.0km 38.52Â°N 15.54Â°E
Jun 1, 2017 01:56:43 UTC
#earthquake",38.52,15.54
Sen neymiÅŸsin be Abiii (@ Kilikya Palace in GÃ¶ynÃ¼k) https://t.co/7wjc1ckWgN,36.663,30.561