"Cake, croissants, fruits and more to enjoy at the Lounge in Marriott Marquis in San Francisco.‚Ä¶ https://t.co/zQWyIw58cK",37.775,-122.418
"Join the Willow Charter Academy team! See our latest #job opening here: https://t.co/KeHGOFr7U8 #Education #Teacher #Lafayette, LA #Hiring",30.246,-92.012
"If you're looking for work in #Indianapolis, IN, check out this #job: https://t.co/6niFUjVPfB #KellyJobs #KellyServices #Engineering",39.768,-86.158
"El hashtag #SFOrdenFalsa ocup√≥ el jueves 1, la 3¬™ posici√≥n en el Top20 de las Tendencias de Guatemala: https://t.co/uwfbXuNxJR #trndnl",14.618,-90.525
Driving my ped in this weather is possibly the worst thing ever...,53.828,-2.605
Happy Friday! I always order a buffet..lol #dranks #food #starving #maggies @ Maggie McFly's of‚Ä¶ https://t.co/InIKfMjKtg,36.817,-76.07
The longest Trends for Thursday 1 in Oklahoma was 30 characters: https://t.co/6lSdamdtqk #trndnl,35.309,-98.521
"Cuando pasas por las calles de tu pueblo y ves unos puerquitos üê∑ bien grandes, sabes que est√°s‚Ä¶ https://t.co/cd9RcaiMDk",18.152,-65.828
"Accident in #Kent on US-131 NB between 10 Mile Rd and 14 Mile, stop and go traffic back to Post Dr, delay of 15 mins #traffic",43.117,-85.607
¬øQuieres conocer cu√°les fueron las 235 Tendencias del jueves 1 en Colombia? https://t.co/tZDgzMKPnt #trndnl,4.656,-74.118
This #job might be a great fit for you: Research Coordinator II - Swedish Cancer Institute - https://t.co/tAFP8iEXb4 #GeneralScience,47.53,-122.033
Leeds was the city of United Kingdom with more Trends on Thursday 1: https://t.co/7IY9yV7WTA #trndnl,51.506,-0.127
Will be smoking some Nova Scotia Sea Salt in a bit. Bringing our Natural and Smoked Nova Scotia‚Ä¶ https://t.co/ovWG1aDBX3,44.667,-63.567
Sushi lunch at Los Angeles Intl Airport. @ Los Angeles International Airport (LAX) https://t.co/JnweXBzCrx,33.944,-118.398
"Updated: Metra GTFS (Chicago, IL, USA) https://t.co/FjaMQU4PdV",41.878,-87.63
"Accident, two lanes blocked in #Sacramento on US-50 WB after Howe Ave, stopped traffic back to Watt Ave, delay of 13 mins #traffic",38.554,-121.409
El mayor n√∫mero de Tendencias en Espa√±a para el jueves 1 tuvo lugar a las 16 horas: https://t.co/tZAvznfu4T https://t.co/O6na7QsEu0,40.42,-3.706
Jack Ellison landing a good backhand in his last bout. @ Fusion Liverpool https://t.co/DHN66wlDxS,53.404,-2.981
Crash on US 31 NB @ MP 273.9 near  SR 149; University Blvd in Birmingham,33.509,-86.791
"USGS reports a M2.11 #earthquake 8km W of Volcano, Hawaii on 6/2/17 @ 19:56:27 UTC https://t.co/fpqaeurLX4 #quake",19.432,-155.316
"Join the The Procter &amp; Gamble Company team! See our latest #job opening here: https://t.co/e5Npxh1vOx #Sales #Lafayette, LA #Veterans",30.224,-92.02
"current weather in Carson City: clear sky, 75¬∞F
22% humidity, wind 7mph, pressure 1018mb",39.16,-119.77
"SUPPER TODAY JUNE 2nd to help support my little sister @itsvinnybro internship in Las Vegas,‚Ä¶ https://t.co/PG6kuSu7nJ",30.075,-90.485
"#queensquare #bristol #uk #southwest @ Queen Square, Bristol https://t.co/ORXIjC21T6",51.45,-2.595
Hoy empieza la magia @davidbisbal Las noches inolvidables que marcan nuestras vidas para todo‚Ä¶ https://t.co/sou4j7zk6y,38.7,-9.183
"Stand up, stand up. Bang your drum. We are the barbarians. (@ San Francisco International Airport - @flysfo) https://t.co/SAadyqd7E1",37.617,-122.385
Casa relax f√∫tbol y Baviera.... una de las mejores combinaciones posibles!!! üòú #baviera #futbol‚Ä¶ https://t.co/YX5UV9WPxA,38.361,-0.423
"current weather in Reno: clear sky, 77¬∞F
22% humidity, wind 7mph, pressure 1018mb",39.53,-119.81
#Carpool #Parker -&gt; #Centennial rideshare 1 Seat offered split costs https://t.co/r0a1rYRm5i,39.53,-104.821
Mira pa' sin extraordinarios üòéü§ôüèªüéì @ Centro Universitario de los‚Ä¶ https://t.co/bqnrk9Ep5v,20.83,-102.757
"Accident cleared in #Cobb on I 75 SB at Delk Rd, stop and go traffic back to Canton Rd. Conn, delay of 14 mins #ATLTraffic",33.923,-84.485
"Te esperamos ma√±ana, ¬°Requisitos! Estar entre las edades indicadas que son desde j√≥venes de 13‚Ä¶ https://t.co/cmI2IXrGzj",10.287,-69.154
Chicago. @ Michigan Avenue Bridge https://t.co/odZZ0emH5D,41.889,-87.624
"current weather in Rennes: broken clouds, 17¬∞C
68% humidity, wind 4kmh, pressure 1016mb",48.11,-1.67
Gorgeous rainbow formation near water falls.  Perfect combination of Sun rays + water droplets‚Ä¶ https://t.co/MJxXD2EJhl,37.727,-119.544
"current weather in Chico: scattered clouds, 82¬∞F
44% humidity, wind 6mph, pressure 1013mb",39.73,-121.84
Let the Brazilian adventures begin!! üáßüá∑üáßüá∑üáßüá∑‚ù§Ô∏èüí™üèº @ San Francisco International Airport https://t.co/rVHgcHChia,37.617,-122.384
"current weather in Carmichael: clear sky, 81¬∞F
39% humidity, wind 10mph, pressure 1013mb",38.63,-121.33
"It was an amazing night! Could not have asked for better weather,‚Ä¶ https://t.co/0a0pDbCrj2",28.801,-81.725
"La guerra de las galaxias, El imperio contraataca y El retorno del Jedi. #starwars @ Distrito‚Ä¶ https://t.co/a3kbqBJTYr",19.344,-99.132
Chicken parm. Fettuccine. Salad #lunch #lunchtime #hou #houston #htx #summer #paulies #food‚Ä¶ https://t.co/bkg4yVyypp,29.743,-95.406
"We're #hiring! Click to apply: Technician Maintenance - https://t.co/fQ5ECvZyie #FacilitiesMgmt #Northborough, MA #Job #Jobs",42.32,-71.641
"Yup, you already know! smithsoldebar!! #djsky #djsky1 #smithsoldebar #atl #atlanta‚Ä¶ https://t.co/MCby45YKYU",33.798,-84.369
"current weather in Stockton: clear sky, 81¬∞F
39% humidity, wind 6mph, pressure 1013mb",37.95,-121.29
"#caduta #ItalianGP Vi√±ales: The crash? Lucky I wasn't hurt: ""Just a few knocks. The Yamaha is working well at‚Ä¶‚Ä¶ https://t.co/sceqNChD5p",43.213,-75.457
"Want to work at Altice USA? We're #hiring in #Arkadelphia, AR! Click for details: https://t.co/D4OGeliyyj #Sales #Job #Jobs",34.121,-93.054
"Join the Altice USA team! See our latest #job opening here: https://t.co/2wjix8lgN2 #Sales #Abilene, TX #Hiring",32.449,-99.733
Opened Street or Sidewalk Cleaning request via android at Intersection of Leavenworth St &amp; United Nations Plz‚Ä¶ https://t.co/QgFhp6lFTr,37.78,-122.414
Closed Tree Maintenance request at 3731 Market St https://t.co/Vpuuc2BANJ. Case closed. case resolved. https://t.co/Ua1IgNvjvH,37.754,-122.442
Just posted a photo @ Six Flags Hurricane Harbor Oaxtepec https://t.co/SR1aewPB6u,18.901,-98.98
Back at Boston Logan for return flight to BWI. It's been an interesting few days. Maybe next time I can catch a... https://t.co/t1T4mflrwt,42.365,-71.018
@kathygriffin now you want to go after Baron Trump?  Its over. Go away #Trump #USA,42.538,-83.488
"Can you recommend anyone for this #job in #Indianapolis, IN? https://t.co/KIQ4RGMZvx #Nursing #Hiring",39.829,-86.28
"Updated: ART GTFS (Arlington, VA, USA) https://t.co/5CJRXeoQP5",38.88,-77.107
"‚íç #EatThisShow
‚íé Sandusky
‚íè Scott Pruitt
‚íê Dennis Pitta
‚íë Leo Varadkar

2017/6/2 15:14 CDT #trndnl https://t.co/IvleifByXY",38.899,-77.029
"Can you recommend anyone for this #job in #Indianapolis, IN? https://t.co/NjfgETqo9b #SocialWorker #Hiring",39.768,-86.158
"Nuevo Chevrolet Cruze Premier 2017
@RobertGBaleon @ Chevrolet Delta https://t.co/MgRByCcR8J",19.405,-99.156
This online money is not a game. Comment for info. ‚ÄºÔ∏èUSA and Canada Only‚ÄºÔ∏è#entrepreneur‚Ä¶ https://t.co/5sHXywL0wY,41.837,-87.684
"A little bit of architecture on our walk to the bridge @ New York, New York https://t.co/V0ebGHjvY2",40.714,-74.006
"Accident, right lane blocked in #Richardson on 75 NB at Campbell Rd, stop and go traffic back to Arapaho Rd, delay of 4 mins #DFWTraffic",32.975,-96.716
"Accident in #Dublin on I-270 EB approaching I-71 N, stop and go traffic back to US-33, delay of 24 mins #traffic https://t.co/hylMo0EFh8",40.111,-82.977
coraz√≥n de mel√≥n @ Isla Palomino https://t.co/rj1ImvA1RH,18.349,-65.568
Unitedüõ†Apparel #FREESHIPPING LINK IN BIO #UnitedApparel #dadhats use code 1972 valid From June‚Ä¶ https://t.co/ZsKpo10x1o,36.056,-112.12
This is not your mom's ice cream sundae. #desserts @ The Mode Lounge https://t.co/vYpopff6zE,43.617,-116.203
We're #hiring! Read about our latest #job opening here: Maintenance Engineering Technician - https://t.co/0JoLkHlrwR #KellyJobs,35.994,-78.899
Daddy and I got Mommy this awesome purple chair for her Zen Den for‚Ä¶ https://t.co/s3vgTVMb5I,40.686,-111.864
Get what's your's @khadzhibest !! #LFA13 @kings_mma @ Los Angeles International Airport (LAX) https://t.co/wjsMaRXkZ4,33.944,-118.398
"M/W/F workout finisher! Agility ladder with sprints &amp; ice skaters!
First part of workout:‚Ä¶ https://t.co/C2MpO8hQ9b",30.404,-97.676
se17ior eventüê†üê¨üåä @ Under the Sea https://t.co/vGR5pL4kqL,28.315,-81.614
Watching wonderwomanfilm #pumped @LularoeLoralei @ Cinemark Tinseltown USA https://t.co/p0NMqmjdo0,38.791,-104.799
Water Hyacinth photo by CajunKatPhotos #fotofanatics #photographylovers #louisiana #louisianaart‚Ä¶ https://t.co/WxtOjw9ywS,30.109,-92.92
luxury private jet charter https://t.co/E7marVR5VR #luxuryprivatejets #privatejet‚Ä¶ https://t.co/4ts3Mzcdno,41.068,-73.703
"Jammed in #Philadelphia on 76 EB between Packer Ave and I-295 SB, delay of 20 mins #traffic https://t.co/BtegSRDq7m",39.911,-75.161
üèÜ @chelseafc ‚öΩÔ∏èüîµ‚ö™Ô∏è #football #stamfordbridge #retirada #london‚Ä¶ https://t.co/IytTrGypmN,51.48,-0.192
Closed Street or Sidewalk Cleaning request at 96 Lafayette St https://t.co/kRwP5l0jgr. Case closed. case resolved. https://t.co/2A738kDOio,37.773,-122.417
Charles Woodson among those on 2018 College Football Hall of Fame ballot https://t.co/sQZNeD59c0 #RAIDERNATION #NFL https://t.co/rHTpgVrXhu,36.17,-115.147
"I'm at @CoffeeBarSf in San Francisco, CA https://t.co/9p06y3110E",37.763,-122.411
"See our latest #Indianapolis, IN #job and click to apply: Business Analyst 2 - https://t.co/eQL5cHKbdH #IT #Hiring #CareerArc",39.768,-86.158
Just posted a photo @ Six Flags Hurricane Harbor Oaxtepec https://t.co/c7N3ywzBuL,18.901,-98.98
"I'm at Huey P. Long Bridge - @hueypbridge in Jefferson, LA https://t.co/3dKCUWKMR4",29.944,-90.169
"Encuentra las diferencias, no se valen las cjaz https://t.co/RtTNkvAbQe",4.589,-74.172
Incident on #I190NiagaraThruway NB from After Exit N8 (I-190) - Niagra St to Exit N9 (I-190) - Peace Bridge - Canada https://t.co/zPkPGSROiI,42.894,-78.893
Al cabo que en las vacaciones no cuenta! ü§£ #nodiet @ Central Park https://t.co/eKUQur1eTt,40.773,-73.972
"Rio Mississippi, o segundo rio mais longo dos Estados Unidos. @ Mississippi River Bridge https://t.co/GqFX8LI3sl",43.809,-91.259
walking away from fuckboys like ‚úåüèªüíÉüèªüôåüèº #brooklyn #bestie #midnightmemories üëØüçæüåâüåÉ @ Brooklyn Bridge https://t.co/usKiun2kPs,40.705,-73.996
#Carpool #Exton -&gt; #Edison #1986 rideshare split costs https://t.co/e4KkIg2HoY,40.03,-75.642
"Want to work at Department of Veterans Affairs? We're #hiring in #Lafayette, LA! Click for details: https://t.co/q7aNwNkYvp #Nursing #Job",30.224,-92.02
"I'm at Twitter HQ - @twittersf in San Francisco, CA https://t.co/Osf47hXTt3 https://t.co/k02xKrsRhL",37.777,-122.417
"GRADUACI√ìN 2¬∞BACHILLERATO. ‚ô•Ô∏è 
Solo me queda daros las GRACIAS una‚Ä¶ https://t.co/xqHPub3fxF",41.761,-2.474
"But, I don't wanna go back inside to practice!!! üò≠ 

Blue skies, gorgeous weather, and all the‚Ä¶ https://t.co/l7GD4XWLVK",34.041,-84.584
"Did the ""Mom Popup"" while he was at work. In a sea of guards, I can‚Ä¶ https://t.co/EBqQBfRn96",38.901,-76.77
"This #job might be a great fit for you: Maintenance planner / scheduler - https://t.co/R1oJaHKaMN #Manufacturing #FortGibson, OK #Hiring",35.798,-95.251
"Want to work at Epic Management? We're #hiring in #Redlands, CA! Click for details: https://t.co/Swi0aSfF3Q #Certified #Medical #Job #Jobs",34.056,-117.183
"Study is easy in this weather. @ Ossining, New York https://t.co/NlhxIs8UrG",41.165,-73.857
Protest as the meat of politics -the stupendously spun Street Hassle by #louisbenassi - weighty‚Ä¶ https://t.co/mrAykqXbTE,51.504,-0.099
"It's been a warm summer day, üå§ and the tourists are out in force. (@ Laclede's Landing) https://t.co/TlSF5jgyor https://t.co/nLIE5PpN2v",38.631,-90.184
"Accident cleared in #RockyHill on I 91 NB between Exit 24 Rt 99 and Exit 25-26 Rt 3, slow traffic back to Exit 23 Rt 3, delay of 4 mins",41.68,-72.653
#DameEseBuenPack estuvo el jueves 1 como Tendencia en Las Palmas durante 11 horas: https://t.co/1YT1GqmwZU #trndnl,28.13,-15.44
El mayor n√∫mero de Tendencias en Puebla para el jueves 1 tuvo lugar a las 9 am: https://t.co/KyCg7Fm50u https://t.co/xNVEpQbJrI,19.051,-98.175
#Carpool #Mechanicville -&gt; #Mechanicville rideshare split costs take turns https://t.co/bk2hoLjXAG,42.907,-73.684
New music By Ill Mike ‚ÄòIce Cold' Ft. Lord Keeno Rich (Prod. By BigShot) (Link in  bio)‚Ä¶ https://t.co/LgiqDnVnPF,25.813,-80.134
Patriotism defined by teddy Roosevelt. Very relevant today #againwithbeth #patriotic #usa‚Ä¶ https://t.co/Me1fcbG7Rd,40.739,-73.989
Jeni's after a tiring day of moving in ‚ù§Ô∏è @ Jeni's Splendid Ice Creams https://t.co/0Zjh4TulFW,41.909,-87.675
"Want to work in #Milwaukee, WI? View our latest opening: https://t.co/qPUo0jagao #Maintenance #Job #Jobs #Hiring",43.039,-87.906
Me enjoying the sunshine last week üòä Fingers crossed for lovely weather tomorrow for the‚Ä¶ https://t.co/RdTZWWkgT7,53.718,-2.104
"Accident, two lanes blocked in #Douglas on C-470 EB approaching Broadway, stopped traffic back to Lucent Blvd, delay of 8 mins #COtraffic",39.565,-104.983
My gig for the night. https://t.co/q8jqOR45FQ @ Demeester Outdoor Performance Center https://t.co/XX6G9V8toc,32.211,-110.924
"current weather in Turlock: clear sky, 83¬∞F
37% humidity, wind 8mph, pressure 1013mb",37.5,-120.85
"Playing tourist with @omar_runs. Even spotted some sea lions and whales out there! üê≥ @ Newport,‚Ä¶ https://t.co/yPDqybwnAb",44.638,-124.055
Fun gig at Orchestra Hall w/ poboxmusic Pt 5! ...even still not cheering for me. #7DayzofPOB‚Ä¶ https://t.co/7yY6bnVfvJ,44.973,-93.275
Hoy viernes 2 de junio entrevista en vivo y en directo por #RaicesUrbanas #FuzionStereo a las‚Ä¶ https://t.co/ucdViy8Qbb,6.264,-75.597
"current weather in Lisbon: few clouds, 20¬∞C
82% humidity, wind 8kmh, pressure 1018mb",38.73,-9.15
Kingsbridge food and music festival this evening. üé∂üçπ #devon #kingsbridge #food #music‚Ä¶ https://t.co/TrHeOl6kf6,50.283,-3.767
"üç± (at @Sushi_Factory in Zapopan, Jalisco) https://t.co/po4IwL9CLH",20.671,-103.405
"*
*
*
*
*
#PLURBunnies¬†#usa¬†#EDMBabes¬†#slay¬†#EDMNation#EDMFriends¬†#EDMLifestyle¬†#ElectricFamily#c‚Ä¶ https://t.co/7loi2L7128",40.827,-73.921
Flight club üéØ @ Flight Club Shoreditch https://t.co/lJuWqRFMug,51.522,-0.086
"Want to work at Forward Air Transportation Services? We're #hiring in #Indianapolis, IN! Click for details: https://t.co/nRbqUlEmvw #Job",39.768,-86.158
"Accident cleared in #Dallas on 35E NB at Ann Arbor Ave, stop and go traffic back to Lp 12 Ledbetter, delay of 1 min #DFWTraffic",32.691,-96.823
It's all go in BoS #bermondsey #londonüá¨üáß @ Tower Bridge https://t.co/MWBXrqEUmv,51.505,-0.076
"Patrullero Tornado P44 saliendo hacia la zona de la Parada Naval, para realizar la revista del‚Ä¶ https://t.co/WiStiLPrXK",42.393,-8.703
We're #hiring! Read about our latest #job opening here: Maintenance Supervisor - https://t.co/kJkGJnhQTg #cintasjobs #FacilitiesMgmt,39.099,-76.848
"My office has been a disaster while getting ready for REU, so I'm happy to have a chance to‚Ä¶ https://t.co/Qo2eI0hI9D",42.027,-93.652
"current weather in Vancouver: light rain, 17¬∞C
63% humidity, wind 1kmh, pressure 1020mb",49.25,-123.11
Y fue con ellos que aprend√≠ a ver Football y me enamor√© de ese deporte üòç (es m√°s larga mi lista‚Ä¶ https://t.co/ySZoeYbRSa,7.13,-73.126
"current weather in Medford: clear sky, 73¬∞F
43% humidity, wind 3mph, pressure 1016mb",42.32,-122.88
"WEATHER WARNING: Flash floods could hit south Bucks, forecasters warn https://t.co/73CefsNKmS #Bucks https://t.co/vlay4e37Pn",51.706,-0.611
"Accident. two left lanes blocked in #SanAntonio on I-10 EB at Cincinnati Ave, stop and go traffic back to Fulton, delay of 5 mins #traffic",29.449,-98.515
"New Manga of the week:
Kingdom Hearts 4, Shomin Sample 6, Spirit &amp; Cats Ears 2, Hatsuni Miku""Bad‚Ä¶ https://t.co/kCmaNFMyf7",41.711,-83.681
@MiamiFashionWk @rodnerfigueroa #miamifashionweek #rodnerfigueroa @ Ice Palace https://t.co/Rvvr3BfNrC,25.789,-80.195
"current weather in Vigo: broken clouds, 20¬∞C
77% humidity, wind 6kmh, pressure 1019mb",42.23,-8.72
Cute today @ Punch Bowl Social Indianapolis https://t.co/Wgele6xjho,39.765,-86.158
"70 tourists from Indonesia enjoy a day of democracy at the range. America üá∫üá∏ @ Gun For Hire, LLC https://t.co/Qlk0hDY7h5",40.89,-74.217
Excellent pale ale great hops &amp; citrus - Drinking a Mad Goose by @PurityAle @ Brigus  ‚Äî https://t.co/qwualrMwWr #photo,47.536,-53.205
"current weather in Portland: clear sky, 66¬∞F
59% humidity, wind 7mph, pressure 1019mb",45.51,-122.68
Sunshine on Leith @ Hibernian Football Stadium https://t.co/KNeE1Pk7Mw,55.962,-3.166
Thanks to SLC alumni for stopping by CURB for a visit and tour! #sarahlawrencecollege #CURB @‚Ä¶ https://t.co/eTAiRsZYZM,40.938,-73.902
It's game day baby #letsgetit  üî∂üî∑CatchOn with https://t.co/tewXHfA5xW @ Chicago Bandits Stadium https://t.co/eGk8mQ6Cmo,41.981,-87.873
#Boston #trip #massachusets #us #usa #nature #natural #travel #relax #love #follow #instagram‚Ä¶ https://t.co/bVGPmszJJk,42.358,-71.062
"Everyone loves summer nights. Let's make some memories. 

Did someone say Kona Ice? @ Charter‚Ä¶ https://t.co/77tbqsw7Dq",40.289,-79.444
@HanSoLow77 They have some cool ones but I feel the same. I can't pay for my physical ticket...,28.418,-81.579
"Join the Domino's team! See our latest #job opening here: https://t.co/w9yL5Cd4Yd #Maryland #BWI #Hospitality #Baltimore, MD #Hiring",39.29,-76.612
73.6F (Feels: 78.8F) - Humidity: 99% - Wind: 3.2mph ESE - Gust: 3.7mph - Pressure: 29.957in #weather https://t.co/75yzNJjEvP,29.875,-92.219
IE ‚Äî  Ireland must quit EU with Britain to avoid Brexit pain' - Remaining in the EU without the UK will be so‚Ä¶ https://t.co/rlRDhbBJ6s,53.369,-6.28
"Temp:Crab Orchard, Ky.:61.0¬∞F Wind:0.0mph Pressure: 30.06hpa Steady Rain Today 0.00in.  Forecast: Fine weather",37.475,-84.512
"‚íç Steph
‚íé #HopelessFountainKingdom
‚íè Deron Williams
‚íê Draymond
‚íë Colours 2

2017/6/1 23:32 CDT #trndnl https://t.co/IvleifByXY",38.899,-77.029
Golfers to return to Kananaskis Golf in 2018. Kevin Fleming reports on ongoing post-flood restoration effort‚Ä¶ https://t.co/Fq2WabwYzz,51.048,-114.059
¬øPor qu√© siempre te acabas encontrano a las mismas personas en el metro?,40.418,-3.709
"02/06/2017 a las 04:40h UTC:
Temperatura: 18,6¬∫C; H.R.: 62%; Presi√≥n: 1015,04hpa;
Viento: 1,6Km/h ; Precipitaci√≥n hoy: 0,0mm.",40.066,-3.239
#co√±ac #panoramic @ Stratosphere Las Vegas https://t.co/aXCMmf49BR,36.147,-115.156
A veces las l√°grimas lo dicen todo cuando las palabras no pueden.üëå,4.718,-74.108
"1.5 magnitude #earthquake. 21 km from #Bodfish, CA, #UnitedStates https://t.co/XnJWt5vhXL",35.451,-118.333
–≠–π –≤—ã ))) —Å—Ç–æ–ø—É–¥–æ–≤–æ –≥–æ–≤–æ—Ä–∏—Ç–µ –∑–∞—Å—Ä–∞–ª –≤—Å—é –ª–µ–Ω—Ç—É —Å–≤–æ–µ–π –∞–º–µ—Ä–∏–∫–æ–π)) –≤–æ—Ç –µ—â—ë –Ω–µ–º–Ω–æ–≥–æ) @ Brooklyn Bridge https://t.co/4EvKOlFacO,40.705,-73.996
Looking back on an absolutely #beautiful weather #perfection #sunny 75-degree #spring day‚Ä¶ https://t.co/FYgg9DW83D,40.703,-74.026
"El s√°bado a las 17 @virginiamaestro estar√° actuando en en @mercadocdiseno , esta vez en Las‚Ä¶ https://t.co/7bkKv3KLMW",40.509,-3.893
"When caught slipping works out!

#skscrubs #toronto #yyz #charityevent @ Evergreen Brick Works https://t.co/OIiIundT3O",43.684,-79.366
Weather cooperated for #flyingirish tonight and @nolibrewhouse was accommodating as always‚Ä¶ https://t.co/sztuQW7OOF,47.663,-117.394
Hoy en el estudio de @okudart probando las propuestas en cocteler√≠a del gran chef Jos√© De Dios‚Ä¶ https://t.co/HHrhS0GM2V,40.397,-3.697
"current weather in Pamplona: clear sky, 17¬∞C
93% humidity, wind 2kmh, pressure 1018mb",42.81,-1.65
D√≠as sin poner #fotocielo y ahora mientras me vuelco un #fresquito veo que se est√° poniendo m√°s‚Ä¶ https://t.co/niWAOkZMoR,40.42,-3.707
"Esplanade Riel Footbridge
#Winnipeg #Esplanade #Bridge #skillscanada #√âquipeQu√©bec2017 @‚Ä¶ https://t.co/is4s18BAEM",49.9,-97.133
"Weird sudden sunshine rainstorm #nyc #weather #rain @ New York, New York https://t.co/NkDZXDdrcJ",40.714,-74.006
"current weather in Oakland: scattered clouds, 76¬∞F
62% humidity, wind 13mph, pressure 1014mb",37.81,-122.27
"Vegas tonight at vinylvegas !!!
Tickets: https://t.co/sDNMgMdYnx @ Vinyl Las Vegas https://t.co/VAxPVDLoKc",36.11,-115.154
4pm: #Parry Sound #Weather,44.433,-80.521
#Boston #trip #massachusets #us #usa #nature #natural #travel #relax #love #follow #instagram‚Ä¶ https://t.co/jLjTjDdh4l,42.358,-71.062
"current weather in San Francisco: haze, 74¬∞F
62% humidity, wind 13mph, pressure 1014mb",37.78,-122.42
"Can you recommend anyone for this #job? Maintenance Person - https://t.co/95bFmgAlnR #Hospitality #Harrisburg, PA #Hiring #CareerArc",40.273,-76.887
"current weather in Kirkland: broken clouds, 66¬∞F
63% humidity, wind 7mph, pressure 1020mb",47.68,-122.21
Las clases de Guitarra estar√°n en nuestro VERANO MUSICAL SONFONIC 2017. Informes al 752.24.97‚Ä¶ https://t.co/YhTgfNh2SW,24.814,-107.376
Sombra del agua en San Crist√≥bal de las Casas @ Hotel Sombra De Agua https://t.co/Na3GE4KM5g,16.739,-92.639
"San Francisco, I want to have FUN tonight! What is FUNcation? https://t.co/wiUWNX5TNK , https://t.co/7at8O4HujK",37.792,-122.402
"Thanks For The Likes, Jessie Taylor üåπüòò‚ù§Ô∏èÔ∏è (at @BigLots in Indianapolis, IN) https://t.co/9WaEm37UZI",39.76,-86.108
"Updated: Washington State Ferries GTFS (Seattle, WA, USA) https://t.co/YpTCijoVPh",47.606,-122.332
Ya son las 4? (@ Hotel Puntarenas Beach) https://t.co/BTCpdFqGev,9.975,-84.835
"Incident cleared in #StatenIsland:OnTheWestShoreExpwy on The W Shore Xpwy NB at I 278, stop and go traffic back to S Ave, delay of 4 mins",40.618,-74.176
"Panna Cotta mixed Berries.
#food #foods #foodie #foodies‚Ä¶ https://t.co/aujn6LnBY7",40.665,-74.07
Hopefully the Cardinals bullpen catches Rick Ankiel Disease and throws a few wild pitches here,36.087,-86.75
"current weather in South Hill: scattered clouds, 66¬∞F
63% humidity, wind 8mph, pressure 1020mb",47.14,-122.27
"Accident, left lane blocked in #Southfield on I-696 WB after M-10 Lodge Fwy, stop and go traffic back to M-10, delay of 5 mins #traffic",42.494,-83.295
"Want to work at Altice USA? We're #hiring in #Plano, TX! Click for details: https://t.co/RXaQard747 #Sales #Job #Jobs",33.02,-96.699
Trend Alert: #bbcqt. More trends at https://t.co/IvleifByXY #trndnl https://t.co/gSIYVY53Tp,38.899,-77.029
Have you seen 12811 Old Bridge Lane #VA? Let me know what you think!   #realestate https://t.co/SONUfUpmcF https://t.co/VZGIjlicTZ,38.675,-77.328
"#16090
La Crosse, WI, USA
map: https://t.co/lsOW5MzXxC https://t.co/t89Xf7IOti",43.81,-91.256
"We're #hiring! Click to apply: Maintenance Technician I- Albany, MO - https://t.co/2QmGEG7ms6 #Healthcare #Albany, MO #Job #Jobs",40.253,-94.325
"I'm watching you, #Delta.
#DontForgetMyBag @ Delta Terminal - John F. Kennedy International Airport https://t.co/lIAF1ZiZVr",40.64,-73.785
"Accident, right lane blocked in #Columbus on I-270 NB at I-70 E Side, stop and go traffic back to US-33 SE, delay of 9 mins #traffic",39.934,-82.853
"current weather in Auburn: few clouds, 66¬∞F
56% humidity, wind 3mph, pressure 1019mb",47.31,-122.23
"current weather in Fremont: haze, 75¬∞F
62% humidity, wind 13mph, pressure 1014mb",37.55,-121.98
"Thanks For The Likes, Jessie Taylor üåπüòò‚ù§Ô∏èÔ∏è (@ smoke Shop in Indianapolis, IN) https://t.co/DSgZWEJX6M",39.76,-86.073
This #job might be a great fit for you: PRACTICE NURSE MELANOMA ONCOLOGY DISEASE TEAM; Registered Nurse - https://t.co/KoWaYlJhKI #Nursing,41.305,-72.927
"current weather in Salinas: clear sky, 67¬∞F
44% humidity, wind 6mph, pressure 1014mb",36.67,-121.65
"Life on the bridge. #collinsville #collinsvillect #connecticut #bridge @ Collinsville, Connecticut https://t.co/4bwXnhAZSt",41.817,-72.919
"Thanks For The Likes, Jessie Taylor üåπüòò‚ù§Ô∏èÔ∏è (@ Dixies House in Indianapolis, IN) https://t.co/DFO1wiXywV",39.763,-86.065
"The weather in Waterloo today got me HYPED up for all the festivals I'll be missing this summer,‚Ä¶ https://t.co/ihGfCpNfxc",43.475,-80.45
"current weather in Sammamish: few clouds, 66¬∞F
56% humidity, wind 3mph, pressure 1019mb",47.59,-122.12
"Time to go see some family (at @United Airlines in Los Angeles, CA) https://t.co/P53xVVkT9o",33.942,-118.4
Let's do this Mission!! Spirit Week!! #beyou #bemagenta #missiontxtech #TEX #TEXperts  -LA @‚Ä¶ https://t.co/eaxh3IcgfN,26.162,-98.292
"#wclüë©‚ÄçüöÄ @ Las Vegas, Nevada https://t.co/XBgt16PZVM",36.175,-115.136
"1,774 users and 1,776 tweets (1753 RTs) in 2 days made 'Colours 2' a Trending Topic in United States. #trndnl",38.899,-77.029
@KGAEnclosures the 1st mention of 'Colours 2' appears on your TL. Now is Trending Topic in United States! #trndnl,38.899,-77.029
"current weather in Vitoria: shower rain, 18¬∞C
93% humidity, wind 3kmh, pressure 1019mb",42.85,-2.69
"USGS reports a M1.66 #earthquake 20km SE of Bodfish, CA on 6/2/17 @ 4:35:15 UTC https://t.co/CcHt8U2OEB #quake",35.453,-118.337
"current weather in Valencia: scattered clouds, 19¬∞C
82% humidity, wind 1kmh, pressure 1018mb",39.46,-0.37
"I'm at Stan Musial Veterans Memorial Bridge - @missriverbridge in St. Louis, MO https://t.co/R085ByRYvW",38.646,-90.179
"Accident on the right shoulder in #Bloomington on 35W NB at 82nd St, stop and go traffic back to 90th St, delay of 3 mins #traffic",44.855,-93.298
"See our latest #Lebanon, KY #job and click to apply: Bilingual Store Counter Sales - #hiring #career https://t.co/wZI9PnpTr2",37.564,-85.266
"See our latest #Hagerstown, MD #job and click to apply: Distribution Center Maintenance Technician II - https://t.co/8XVkxvtoU6 #Hiring",39.642,-77.72
"*
*
*
*
*
#PLURBunnies¬†#usa¬†#EDMBabes¬†#slay¬†#EDMNation#EDMFriends¬†#EDMLifestyle¬†#ElectricFamily#c‚Ä¶ https://t.co/HSwkKqgA4V",40.827,-73.921
"Accident cleared in #Charleston on I-526 WB approaching Virginia Ave, slow traffic back to Clements Ferry Rd, delay of 2 mins #traffic",32.892,-79.973
"We're #hiring! Read about our latest #job opening here: Maintenance Mechanic 2 - https://t.co/4Psj97N1Hc #FacilitiesMgmt #Warsaw, IN",41.238,-85.853
"Incident cleared in #Parsippany on I-287 SB at X39, stop and go traffic back to Rt-46, delay of 9 mins #traffic https://t.co/cLJ9IKJQWV",40.832,-74.438
"Accident in #Nassau on The Southern St Pkwy EB at Bellmore Ave, stopped traffic back to Hempstead Ave, delay of 56 mins #traffic",40.692,-73.55
"We're #hiring! Click to apply: STORE MGR CANDIDATE - MARKET in Las Vegas, NV - https://t.co/rEq2xsWePr #Marketing #LasVegas, NV #Job #Jobs",36.17,-115.14
4pm: Mainly Sunny 20.5C - Wind: W 21km/h Gusts to 38km/h - Bar: 101.6 kPa v - Hum: 35% #Toronto #Weather,43.681,-79.612
"Playing tourist with @omar_runs. Even spotted some sea lions and whales out there! üê≥ @ Newport,‚Ä¶ https://t.co/4vAxAeSxKQ",44.638,-124.055
"Performance #SpellingBeeInternational #Amco #LeitBee (at @ExpoGuadalajara in Guadalajara, Jalisco) https://t.co/WRiu1jgCv8",20.654,-103.392
WINNER WINNER VEGAN DINNER üòùüòù and a Jurassic 5 ticket... trowbs with the Barmaid pose atop the‚Ä¶ https://t.co/sPQ7sy6bO0,39.187,-106.819
"Stop and go traffic in #SeSide on I-45 gulf Fwy Inbound between Lockwood and 69, delay of 7 mins #traffic https://t.co/vuUN2yElDh",29.724,-95.331
"Incident cleared in #Dearborn on M-39 NB at Ford Rd, stop and go traffic back to Michigan Ave, delay of 4 mins #traffic",42.322,-83.215
"Listo (@ Hotel Las @BrisasIxtapa in Ixtapa, GRO, GRO) https://t.co/TpmwivIofP",17.648,-101.597
"Accident, two lanes blocked in #Oakland on I-580 EB after 106th Ave, stopped traffic back to Seminary Ave, delay of 22 mins #BayArea",37.745,-122.149
"Thanks For The Likes, Jessie Taylor üåπüòò‚ù§Ô∏èÔ∏è (@ Rock-Cola Cafe in Indianapolis, IN) https://t.co/gkkph2Zflv",39.759,-86.069
Crash cleared on I-459 NB @ MP 15 near Exit 15: I-65 in Birmingham,33.394,-86.785
Que gran orgullo compartir este evento con profesionales de alto nivel que hacen grande las‚Ä¶ https://t.co/3xIfA2lKG3,6.235,-75.573
"Accident, left lane blocked in #EastGreenwich on Rt 4 NB at EX 7, stop and go traffic back to EX 6 - S Cnty Trail, delay of 4 mins #traffic",41.625,-71.487
"My wedding ring is now two sizes smaller. (@ Stall &amp; Kessler's Diamond Center in Lafayette, IN) https://t.co/CPpB9qW5ld",40.418,-86.893
"Dual Controls #QuinnInNYC @ Intrepid Sea, Air &amp; Space Museum https://t.co/RFIS6sd3yN",40.764,-74
Summer hair üí´ #gastownsalon #salon #hairbysarahbraim #yvr #lorealpro #colourspecialist @ The‚Ä¶ https://t.co/KpvksaMMeA,49.284,-123.105
Accident in #Indianapolis on Southport Rd at Tibbs Ave #traffic https://t.co/v5CI0sjuTV,39.664,-86.216
"¬øYa son las 5? (@ Vicerrector√≠a de Investigaci√≥n in San Pedro, San Jose) https://t.co/ubD0aRnjmB",9.936,-84.053
"Elish from Little Peacock Imports joins USA Tonight from 5-7pm, Pouring a Stellar Selection of‚Ä¶ https://t.co/Qf5aq55c1H",40.748,-73.977
"Las hermanas Olsenüë≠ü§ì

. #olsenpower @ La Colmena https://t.co/yFZNCbGdC1",36.465,-6.198
"""La Lectora"". Pruebas de impresi√≥n. #lin√≥leo #linograbado #linoprint @ Las Palmas de Gran Canaria https://t.co/DzDu3HwU3c",28.117,-15.433
"rain rain go away. I don't like this fuel delay. #Tulsatime (@ Tulsa International Airport (TUL) in Tulsa, OK) https://t.co/GBPogX9R5z",36.19,-95.889
"Accident in #Shirley on William Floyd Pkwy SB before Victory Ave, stop and go traffic back to Moriches Middle Island Rd, delay of 8 mins",40.805,-72.871
"This #job might be a great fit for you: Extern ‚Äì Las Posas Dental Practice and Orthodontics - https://t.co/6QBGGTkZX9 #SanMarcos, CA",33.141,-117.191
"We're #hiring! Click to apply: MAINTENANCE CLERK Mon-Fri 8am-4:30pm - https://t.co/9RSVG0pmHz #FacilitiesMgmt #Marion, IN #Job #Jobs",40.556,-85.565
Strong hoppiness approaching an IPA with a lighter malt profile than exp... (Graveyard's Pale Ale) https://t.co/c5fOu1xSi1,37.301,-120.481
"Loved meeting more acupuncturists in San Francisco last night!  I love you ladies!

Community is‚Ä¶ https://t.co/kVNBb7PZ3w",37.775,-122.418
"Accident, two lanes blocked in #SanFrancisco on US-101 NB before Vermont St, stopped traffic back to Cesar Chavez St, delay of 8 mins",37.762,-122.406
"@tedcruz @immigrant4trump Ted, tell him to pay for every in the plane ticket to reduce the carbon print! Billionaire flying commercial?",32.95,-117.108
Crash cleared on I-20/59 EB @ MP 123 near Exit 123: US 78; SR 4 in Birmingham,33.521,-86.849
Last day in paradise @ Natural Bridge Aruba https://t.co/eWFvSNGe3v,12.541,-69.958
#justfinishedreading Mad Girl by Bryony Gordon: Mad Girl is an endearingly honest memoir of‚Ä¶ https://t.co/wnIvmaOg7f,50.7,-3.533
Went out to Red Rock Canyon today with Pawlie üòÉüòÉ üê∂ üê∂ üëçüèªüëçüèª @ Red Rock Canyon Las Vegas https://t.co/ywlEe9175X,36.136,-115.428
#fbf Intent's last gig at AHC 2015 #35mm @ Middle East Restaurant and  Nightclub https://t.co/AkuflbtwXH,42.364,-71.102
Qui√©n juega al juego de las emociones? #dondelpulpo dondelpulpo pepacob @ Lavapi√©s: Ocio y Cultura https://t.co/IvReKY9vK2,40.408,-3.701
"If you're looking for work in #Indianapolis, IN, check out this #job: https://t.co/JXA2yilwxv #Transportation #Hiring #CareerArc",39.768,-86.158
"Siempre con el apoyo de las mejores marcas: 
@PALODEROSA1
maxima_puertadorada
peluqueriamilena @‚Ä¶ https://t.co/9r1F1IBTrv",5.068,-75.504
It's Friday Sundae's at Klokwerks. Also an ice cream B-Day for Our one handed artist  birthday‚Ä¶ https://t.co/9jQoOpMXLR,43.637,-79.422
üì∫ This video from @fox10phoenix is trending today (17th) on YouTube USA https://t.co/tfrttJ0ZVe,38.899,-77.029
Drinking a Milwaukee's Best Ice by @MillerCoors @ City of Huber Heights ‚Äî https://t.co/7nbWOg2mFs,39.864,-84.131
"Fanatica de las carteras, para la playa üòé elijo la mejor üíº 
Gracias VCS por acompa√±arme siempre,‚Ä¶ https://t.co/gA0HwxZPDR",25.813,-80.134
LOVE this rain! But my phone is going nuts with all the flash flood alerts,32.663,-97.056
This guy. #SolomonKellerB @ River Country Family Water Park https://t.co/QWPFSWzUo2,35.748,-95.407
"@heronmusic_ | Tuscaloosa, AL (In ATL for a few days, bookings open. Let's create‚Ä¶ https://t.co/prr5nDmRid",33.206,-87.535
Cleared: Incident on #I95 SB at Delaware River/Scudder Falls Bridge,40.259,-74.847
"See our latest #PaloAlto, CA #job and click to apply: Relief Pharmacy Technician I - Phar-Drugs Sold to... -‚Ä¶ https://t.co/KjwznHcHiA",37.381,-122.18
"See the line where the sky meets the sea?,
It calls me... #flashbackfriday‚Ä¶ https://t.co/Rxu298YzfZ",12.219,-69.086
"Taking in the beautiful sights, smells, and weather of Portland! #ineverpromisedyouarosegardenüåπ‚Ä¶ https://t.co/k9LIsS3rBh",45.519,-122.705
üòàüòÄ. #real #fuckfakes #fuckfakeshit #live #love #life #why #need #gardengrove #graffiti‚Ä¶ https://t.co/BvL6TAlBlU,33.779,-117.96
"A 1.2 magnitude earthquake occurred 1.24mi SSE of Home Gardens, CA. Details: https://t.co/cNJBlhN7w3 Map: https://t.co/YFNXAk5XDu",33.86,-117.51
"USGS reports a M1.23 #earthquake 2km SSE of Home Gardens, CA on 6/2/17 @ 21:05:23 UTC https://t.co/4KKjTbdLEs #quake",33.86,-117.51
"""Hay personas que hacen que tu risa sea un poco m√°s fuerte, tu sonrisa un poco m√°s brillante y‚Ä¶ https://t.co/7mTjgScLEH",40.967,-5.65
"Back to the Bridge. @ Philadelphia, Pennsylvania https://t.co/QzireJyCuk",39.998,-75.145
–ü–æ—Ä—Ç—É... #–ø–æ—Ä—Ç—É–≥–∞–ª–∏—è #–ø–æ—Ä—Ç—É #–æ—Ç–ø—É—Å–∫ @ Ponte D. Luis I (Dom Luis I Bridge) https://t.co/5AWvqhmV4G,41.14,-8.61
"The real reason I ever go outside. #throwback #sanfrancisco @ San Francisco, California https://t.co/5Q6KZrcxqv",37.775,-122.418
"It's that time! #working #grindhard2017 #ams #IBelieve 
@Shicur_AR alvinmays amspresident‚Ä¶ https://t.co/xZtMQrD2GV",30.425,-89.087
"Jammed in #Philadelphia on Vine St. Expwy WB between Broad St and I-76, delay of 4 mins #traffic https://t.co/BtegSRDq7m",39.958,-75.162
I recently had a good friend diagnosed with breast cancer.... so what can I do??? Design her a‚Ä¶ https://t.co/5IldOdhJdo,43.646,-116.266
Our booth in #LasVegas !! @Bremont couturetimeofficial by_couture @wynnlasvegas @ Wynn Las Vegas https://t.co/6KYCkgkvqN,36.127,-115.166
"#ikdairo #hits #africa #decca #mono 10"" @ Double Decker Records https://t.co/D85V1lhio6",40.591,-75.469
I'm sure there is a bridge metaphors I should use here. #library #president #clinton #bridge @‚Ä¶ https://t.co/6SVFKishG6,34.746,-92.259
"I'm at Las Palomas in Jiutepec, Morelos https://t.co/d83kjIYEUD",18.918,-99.166
"#sea #beach #friday #holiday #makingmemories #family #grancanaria 
#Islascanarias #hotholiday‚Ä¶ https://t.co/I9iixwYxnP",27.773,-15.696
Haven't seen a pink bush this close in years. Happy Pride Month ü§ôüåà #lovewins #gilbertbaker @‚Ä¶ https://t.co/I9unKlBBQK,41.151,-73.445
üöÄ#tgif @RichardDifred #love #inspire #riseandshine #foodoftheday #food #foodgasm‚Ä¶ https://t.co/hp2j9MJP3R,40.724,-73.998
"Accident involving 18-wheeler blocking one lane in #Willis on I-45 N NB at FM 1097, stop and go traffic back to Lp 336 N, delay of 14 mins",30.421,-95.492
Un d√≠a #Viernes #Social con un sabroso #Coctel y #MariscosPalapas @ Las Palapas Restaurante de‚Ä¶ https://t.co/3JrjDtKnTT,19.303,-98.251
I don't know how to dress because the weather in LA has been so weird since I've gotten here.‚Ä¶ https://t.co/krfuxTSOY0,34.073,-118.399
"Can you recommend anyone for this #job in #Indianapolis, IN? https://t.co/XXCi7Z4Ah9 #cfgjobs #Banking #Hiring",39.768,-86.158
hemos ganado los cuartos de torneo fpcv en @tafalla_patri por 6:1/6:3. ahora a por las‚Ä¶ https://t.co/A8Ai2hSsPd,38.303,-0.525
Enjoyed keynoting the Native Action Network's Enduring Spirit honoree lunch! I shared a message‚Ä¶ https://t.co/5BpdhkZfbX,47.711,-122.572
It will be a perfect start to your weekend tonight! A great movie and delicious Italian ice!‚Ä¶ https://t.co/iYNQuzOfSY,33.896,-117.86
"‚íà #NationalDonutDay
‚íâ #bbcqt
‚íä #WearOrange
‚íã Coachella
‚íå #FlashbackFriday

2017/6/2 15:59 CDT #trndnl https://t.co/IvleifByXY",38.899,-77.029
#vnzlaseplantacontraladictadura #divideyvenceras guerreros sin miedo‚Ä¶ https://t.co/cfa0KaGSDm,8.298,-62.719
Last day in paradise @ Natural Bridge Aruba https://t.co/z2HWSaeddr,12.541,-69.958
I'm outta here ‚úåüèº#travel @ United Club Lounge (Newark Liberty Int'l. Airport) https://t.co/8BKak4We6N,40.696,-74.176
"Want to work at Altice USA? We're #hiring in #Payson, AZ! Click for details: https://t.co/NWITAggx0T #Automotive #Job #Jobs",34.231,-111.325
"Quien te mand√≥ ser alegre en un mundo sin amor. @ Astorga, Castilla‚Ä¶ https://t.co/kE2AYHzGln",42.45,-6.05
Pride! @ Nordstrom San Francisco Centre https://t.co/7xwV9EfGez,37.784,-122.406
"Ay por fin! Segunda vez por ac√° üòÄ (@ Orlando International Airport - @mco in Orlando, FL) https://t.co/FenxSaiX5Z https://t.co/2GmfatdkKA",28.431,-81.307
If you're going to San Francisco... üíê #FlowersInYourHair #Friyay #ShamelessSelfie #Selfie‚Ä¶ https://t.co/cPY9fSp3dS,35.274,-120.663
"You guys it's snowing. #chicago #snow #snowing #winter #latesummer #midwest #weather @ Niles,‚Ä¶ https://t.co/jkJWfFKV52",42.032,-87.817
Walked to Homestead for some ice cream because it is bloody hot here and we don't have air‚Ä¶ https://t.co/MU4AdCTpaB,52.14,-106.686
"Disabled vehicle, right lane blocked in #Belfast on Rt 33 NB between Belfast and PA-512, jammed back to Belfast, delay of 11 mins #traffic",40.779,-75.283
"Can you recommend anyone for this #job in #Lafayette, LA? https://t.co/ypoc8vcXQ7 #Transportation #Hiring #CareerArc",30.17,-92.069
"New on Afrogirl Shenanigans‚Ä¶a simple reason as to why I was MIA in the blogosphere, and what my‚Ä¶ https://t.co/tqNmANAGDk",40.85,-73.867
Mago. #mago extonyfarg #miami #usa #mago #magicien @ Coral Way the Roads https://t.co/esCHEp4k5N,25.755,-80.21
I dragged my jet-lagged self out of bed early this morning for an ass-kicking at the #boxing gym‚Ä¶ https://t.co/0g1We6DbRi,34.091,-84.284
"Reopened in #HazelDell on I 5 SB at Interstate Brg, stopped traffic back to 501, delay of 16 mins #PDXtraffic https://t.co/cq6BNINZFe",45.614,-122.677
"En esto ando metido estos √∫ltimos d√≠as...
El lunes a las 22:00 max noticias #premiosmax #magia‚Ä¶ https://t.co/0GFGg9WU9U",39.459,-0.357
"Accident in #SwWashingtonDc on EB SE-SW Fwy EB after 9th St Tunl, jammed back to 14th St, delay of 3 mins #DCtraffic https://t.co/wIfGMovDIA",38.882,-77.024
Cool. Flight is canceled. This is good. More time in KC. #travelwoes‚Ä¶ https://t.co/SUJ9v5u8Pa,38.94,-94.681
"ISIS has signed Kathy Griffin to a ONE DAY CONTRACT to entertain their troops?
#fake news",39.501,-119.803
The RSLA Pre-K class (GSRP)had so much fun at the Mad Hatter tea party today! #slsdistrict‚Ä¶ https://t.co/Nr8rE0uvls,42.434,-83.299
We are looking at strong storms rolling into most of Jacksonville. Photo from the Buckman Bridge. Share your‚Ä¶ https://t.co/BE2IucZcfb,30.326,-81.653
Jonathan putting in the hard work for next football season!! Learning from the best!! Clint‚Ä¶ https://t.co/4jZpGYjjR9,34.799,-92.413
Cleared: Construction on #4Line Both directions from 125th Street Station to Brooklyn Bridge-City Hall Station,40.804,-73.937
Tuve una CurvyPesadilla üëª se las comparto Para que est√©n CurvyAlertas gracias a mis‚Ä¶ https://t.co/HfxH0inS7o,19.412,-99.191
We're #hiring! Read about our latest #job opening here: First Aid &amp; Safety Service Sales Representatives - https://t.co/WI15OKYHeg #Sales,33.286,-86.81
Foto de la clausura del seminario El Impacto de las Redes Sociales en la Educaci√≥n (Felicidades‚Ä¶ https://t.co/cwj67MLY6a,8.984,-79.534
"I'm at Plane Train - @atlanta_airport in Atlanta, GA https://t.co/LDpuCK2mjc",33.641,-84.439
Service Gun Bunny Wit growlers now available. https://t.co/m7QsGlKpd2 @servicebrewing #BeerMenus,32.792,-79.875
A fitting monument to a water üí¶ conservationist. Outside every day! üêæüë£üòé  #Colorado #Outdoorist‚Ä¶ https://t.co/Bax5NbUFpu,39.66,-105.101
Listen Sis a Long-island Ice Tea is like 5 drinks on one Don't think I'm wasting my moneyüòàüòπüòπüòπ‚Ä¶ https://t.co/Zyh6BS2KcA,40.757,-73.989
A #sadday for the #usa #parisclimateagreement  #Boulder #Colorado  #prisma #prismamania‚Ä¶ https://t.co/zqnPVoxoDQ,39.995,-105.262
Las Vegas painacafelv celebrating poi mochi donut day üç© #NationalDonutDay #mochifoods‚Ä¶ https://t.co/AXyEjdCUj4,36.127,-115.242
quiero cuidarte toda la vida porque no se ser sin ti... una vez m√°s muchas felicidades hermana‚Ä¶ https://t.co/ouBeNpU0XE,40.4,-3.683
"Accident cleared in #Eagle on I-96 WB at Grange Rd, slow traffic back to I-69 Exit 89, delay of 5 mins #traffic https://t.co/xxSCs7T9oz",42.813,-84.789
"Primer dia de playa
#usa #miami #sunnyisles #beach #sea #vacationphotos #vacaciones‚Ä¶ https://t.co/HgFiPbBwyy",25.95,-80.123
"@AlvaroUribeVel que va, si.vos quitaste las horas extras e iniciase la tercerizacion laboral, atacaste al sindicalismo y a la salud de estos",3.45,-76.511
"Accident, right lane blocked on I-271 SB at I-480, stop and go traffic back to Richmond Rd, delay of 8 mins #traffic https://t.co/IXfI2jq0g9",41.4,-81.508
Jen... Caminando en las calles de la CDMX me encontre esto @ Avenida‚Ä¶ https://t.co/o12GP2cqXn,19.408,-99.2
When you ditch the plane and decide to go on an adventure instead‚Ä¶ https://t.co/7jGWlknczV,33.947,-118.279
"Millionaire State of #
Mind#newwaveofrnbhiphop#vh1 üåä @ Las Olas https://t.co/GsMwz6Ehuc",26.119,-80.136
"Accident, left lane blocked in #Beaverton on OR-217 NB at Hall Blvd, stop and go traffic back to I-5, delay of 11 mins #PDXtraffic",45.458,-122.785
"La importancia de las #m√©tricas y el #seguimiento ‚ò∫Ô∏è
------------------------
Utilizo‚Ä¶ https://t.co/jZbhci1meu",10.95,-64.01
"02/06/2017 a las 20:40h UTC:
Temperatura: 22,7¬∫C; H.R.: 66%; Presi√≥n: 1012,87hpa;
Viento: 6,4Km/h ; Precipitaci√≥n hoy: 0,2mm.",40.066,-3.239
"eres mi canci√≥n favorita, la que bailo sin que suene.üíñ @ AZCA https://t.co/lu7ndGVdql",40.449,-3.693
"#sunset #reflections @ Edinburgh, United Kingdom https://t.co/TMzP5KwkwP",55.949,-3.16
"French and Elegant from head to toe.
 
Men French Fashion Pop-Up Store MAN &amp; THE SEA
‚öìÔ∏èPublic‚Ä¶ https://t.co/dil1Vxy3ne",40.762,-73.977
"Accident, left lane blocked in #Dallas on 30 WB at Dolphin Rd, stop and go traffic back to Lp 12 Buckner Blvd, delay of 10 mins #DFWTraffic",32.791,-96.737
"Accident, right lane blocked in #Tracy on I 205 EB after Macarthur Dr, stop and go traffic back to Tracy Blvd, delay of 3 mins #traffic",37.764,-121.415
"2.4 magnitude #earthquake. 4 km from Spanish Springs, NV, #UnitedStates https://t.co/CbhZG1q6QY",39.615,-119.707
Where to Hike in the DFW Area in Honor of National Trail Day https://t.co/pFUtonyYOq https://t.co/jzi0alo8Ox,33.248,-96.811
"Acabo de ver a caitlyn (despues de buco tiempo) en kuwtk y todavia no puedo creer que ""caitlyn"" paso!!! O sea que xopaaa bruce jennerüò™",9.029,-79.527
"Accident, right lane blocked in #IndianapolisWestSide on I 465 NB at 10th St, stop and go traffic back to Rockville Rd, delay of 4 mins",39.779,-86.27
Hello San Francisco! Is there enough FUN in your life? Become a FUNcationeer now at https://t.co/wiUWNX5TNK get 100‚Ä¶ https://t.co/ni6v5ZCsoy,37.792,-122.402
#photo #photos #pic #pics #tornado #picture #pictures #snapshot #art #beautiful #instagood‚Ä¶ https://t.co/BdJnwbSceR,42.112,-72.547
Just posted a photo @ BWI Thurgood Marshall Airport (BWI) https://t.co/WVM3S3ZjNs,39.179,-76.669
Just posted a photo @ Delta Terminal - LaGuardia Airport https://t.co/KyljFJAQje,40.771,-73.863
@hanifleylabi Like the Brexit comedown,51.466,-0.376
"""This was the best last day ever. Except for Mr.Brown retiring."" Jack  They played football and‚Ä¶ https://t.co/Qjnf1INIRj",35.78,-81.34
"At Sin City 7!!! Crazy hat pool party.
#menagelife #sincity7 #swingersparty #swingerlife‚Ä¶ https://t.co/e0MiFJco1w",36.144,-115.17
"Accident cleared in #GreenwayUpperKirby on 69 SW Fwy Inbound at Spur 527, stop and go traffic back to Buffalo Speedway, delay of 7 mins",29.732,-95.388
The best Ice Maker repair in #LindaVista https://t.co/GZhqMckxmV,32.794,-117.166
We went from half gallon today to just 4oz of water with each meal for rest of night.  We have‚Ä¶ https://t.co/DaPzx9bpK8,26.011,-80.146
"Friday's weather at 21:36, by a cat: 16.7¬∞C Falling 81%RH Wind: 0.0m/s --- Barometer: 999.77mbar Steady Rain: 0.0mm",51.864,-0.743
Trend Alert: 'Zach Watson'. More trends at https://t.co/IvleifByXY #trndnl https://t.co/GDQZWzMEzE,38.899,-77.029
465 users and 561 tweets (447 RTs) in 1 week made 'Zach Watson' a Trending Topic in United States. #trndnl,38.899,-77.029
"Lot of great free events to get ur shaved ice this weekend! üì∑: @hilstrt4 
‚Ä¢ SAT 10-8 at‚Ä¶ https://t.co/Q6IqTUWZm8",35.983,-86.773
Me and the Holy Spirit @ The Salvation Army Atlanta Temple Corps https://t.co/Q7JrFUpzL9,33.833,-84.336
Let your passion do the talking @ Putney Bridge https://t.co/kpfMyk44I6,51.467,-0.213
Where to Hike in the DFW Area in Honor of National Trail Day https://t.co/TtEbH58gbO https://t.co/OxGlnU2RCA,32.961,-96.891
Incident on #I95 SB at Delaware River/Scudder Falls Bridge https://t.co/iWSLUzr0cL,40.259,-74.847
"Enamorate de cada detalle que caracteriza las habitaciones de lacasonadetete 
Deja que tu mente‚Ä¶ https://t.co/uaej2HLWgz",21.356,-101.93
Doesn't get much better on the water than this #nofilter #lochness #scotland #thewebbfiles @‚Ä¶ https://t.co/ZQrZV1IiRQ,57.3,-4.45
Going Home Now @ Delta Terminal - Sarasota-Bradenton International‚Ä¶ https://t.co/eEjPw3KmIU,27.389,-82.554
I'm at Las Hamburguesas Al Carbon De Polen https://t.co/KAKJzgyYpP,19.317,-99.14
"#instagram #follow #followmylink #follow4follow #followme @ Tollcross, Glasgow City, United Kingdom https://t.co/GXa86wG2nl",55.854,-4.186
"Eating beans and cornbread. (@ Clifton's West Side Cafe in Lebanon, MO) https://t.co/6p0iYpvY8N https://t.co/AASe6XDu3X",37.677,-92.665
@PartidoCOPEI_ en #Anzoategui Invita a la Marcha de las Ollas vacias #03Jun #ptolacruz A la calle! @unidadvenezuela https://t.co/Mwfv3eSLn0,10.138,-64.681
"STOP LOOK APPRECIATE ‚ù§Ô∏è @ Glasgow, United Kingdom https://t.co/LcvObc7vuR",55.858,-4.259
#thabreakdown youtube #comingsoon #bookDJAlex @ East Coast USA https://t.co/GpE6qZXdF8,40.748,-74.011
When you got that summer vibe even though the weather forecast is‚Ä¶ https://t.co/N8AFghXDVB,51.617,-3.95
"Accident cleared in #Eastside on 610 E Lp SB at Turning Basin Dr., stop and go traffic back to The I-10 Baytown E Fwy, delay of 6 mins",29.746,-95.265
"See our latest #Indianapolis, IN #job and click to apply: ERP Project Manager - https://t.co/kasKyDh3Tp #ProjectMgmt #Hiring",39.906,-86.124
Loving London as it's just getting dark. #london @ Tower Bridge https://t.co/FWjCLvClbQ,51.505,-0.076
"San Francisco, is there enough FUN in your life? FUNcation! Because 925 is boring &amp; 420 is too much!‚Ä¶ https://t.co/gFn6ItnOR8",37.785,-122.728
Woohoooo ya girl is graduating tomorrow! Come lei me at 7pm on the 'Iolani Football fieldüå∏ I‚Ä¶ https://t.co/1lopNWmLyW,21.287,-157.825
"Pantego, Arlington to Conduct Targeted Ground Spraying for West Nile Virus June 5-6 https://t.co/PyPqDmSxKF",32.692,-97.134
"De las cosas m√°s bonitas del mundo es cuando toman tu mano, te dan besos en la mejilla y te hacen sentir que realmente vale ese instante.",37.391,-122.031
She is fierce üåãüí™üèºüòé #lavaflow #volcano #thebigisland #hawaii #nature #kilaueavolcano‚Ä¶ https://t.co/HijtUq3gBb,19.295,-155.099
Ya est√°n las #bicicletas cargadas en el remolque para la #indomable2017. Ahora a dormir un poco‚Ä¶ https://t.co/MzAqpC9wj5,36.782,-4.099
"Interested in a #job in #Indianapolis, Indiana? This could be a great fit: https://t.co/3QIwcgbZXZ #HealthWelfare #Hiring",39.768,-86.158
"üá∫üá∏
I typically enjoy a beautiful beach destination, as I find the water and sand to be the most‚Ä¶ https://t.co/7Yrw3QXi4a",41.837,-87.684
"Thank you Billy, the most excellent host of The Morning Disaster, and XRock 105.3 FM for sharing‚Ä¶ https://t.co/dqoXp9jkBg",37.233,-107.867
Drinking a Haterade by @8thWonderBrew @ Growler USA - Katy  ‚Äî https://t.co/fz6QQtpSmF #photo,29.765,-95.841
"#OutThereOnFriedMeatRidgeRoad Simply ADORED that @AlexKFerns yet again, had a gun üî´ in his hand‚Ä¶ https://t.co/0YLDhVgBTZ",51.507,-0.128
"""Por qu√© Madrid es una de las mejores ciudades para vivir del mundo"" https://t.co/QRGNUHw8rk v√≠a @expansioncom #vivirenespa√±a",40.441,-3.702
"Fabrication of Water Turbine 
.
.
.
.
.
.
.
.
#machineshop #engineering #metalfabrication @‚Ä¶ https://t.co/KgO0ZXDSWq",49.167,-122.967
"Accident. right shoulder blocked in #Bexar on Lp 1604 WB at Hausman, stop and go traffic back to Babcock, delay of 4 mins #traffic",29.57,-98.651
Becuase they have to pay for the mess when that hurricane is just a little stronger or that drought is just a littl‚Ä¶ https://t.co/JYLDmt6XiS,40.662,-73.925
can tick gettin hit by a flare off me gig bucket list @ Sheffield Arena - Don Valley Stadium https://t.co/7NYznWbe6Y,53.398,-1.421
"Already to play in the water with her sis sis. @ Lake Saint Louis,‚Ä¶ https://t.co/ukvlrovPNc",38.797,-90.786
Dinner in Senegal at the Baobab Center. #westafrica #africa #travel #senegal #everydayafrica‚Ä¶ https://t.co/BRjBreiGfN,14.693,-17.447
"Join the ResourceMFG team! See our latest #job opening here: https://t.co/YSTPG7HAOA #Lafayette, IN #Hiring #CareerArc",40.42,-86.85
"It‚Äôs time to kick-off our anniversary weekend!

Today we‚Äôll be hosting our Golden Ticket‚Ä¶ https://t.co/xyFzwguSEL",26.174,-80.131
"ü§£ü§£üò≠ü§£üëÅüôà @ Guadalajara, Jalisco https://t.co/dqvVPoEZ4y",20.667,-103.35
"Just posted a photo @ London, United Kingdom https://t.co/OQziuDdSiU",51.507,-0.127
"Jammed on Vine St. Expwy WB between Ben Franklin Pkwy and I-76, delay of 2 mins #traffic https://t.co/BtegSRDq7m",39.959,-75.173
Ito Bison√≥ sobre el C√≥digo Penal: Aprobar las tres causales ser√≠a inconstitucional https://t.co/kdNCCI0bb6 #acentodiario,18.46,-69.949
"See our latest #Lafayette, IN #job and click to apply: Plant Quality Manager - https://t.co/tBTb2ugSkk #Automotive #Hiring #CareerArc",40.417,-86.875
"Can you recommend anyone for this #job in #Indianapolis, IN? https://t.co/nOQ8UxmcOM #Transportation #Hiring #CareerArc",39.768,-86.158
"second trip to Africa over, will definitely miss itüá®üáªüíõ @ Meli√° Tortuga Beach Resort &amp; Spa https://t.co/fxRqseRCH4",16.613,-22.927
"1,996 users and 2,874 tweets (2363 RTs) in 43 minutes made #ihaveselfiesforcamila a Trending Topic in United Kingdom. #trndnl",51.506,-0.127
Hail and rain in Rio Rancho. Crazy storm! #NewMexico #Albuquerque #RioRancho #NMWX #Weather @‚Ä¶ https://t.co/pmBAv4mpzy,35.286,-106.671
#buenastardes #seguidores #PhoneMundial @ San Francisco de Macor√≠s https://t.co/B8ofclTmUM,19.3,-70.25
"@AEEONLINE sin luz como todos los d√≠as Estancias de torrimar en guaynabo servicio al cliente no funciona, por Internet tampoco servicio malo",18.39,-66.109
"üçï Amo las pizzas üçï (at @LucernaComedor in Colonia Ju√°rez, Distrito Federal) https://t.co/Z43UaGqZYs https://t.co/xoyg01Tl06",19.43,-99.156
The high water makes for some beautiful reflective landscapes üá®üá¶#hellobc #kelownanow‚Ä¶ https://t.co/NnujJ9M5A8,49.846,-119.489
"Bout to tear this city up they ain't ready for me #bdayboy #superruger #getlikep @ Las Vegas,‚Ä¶ https://t.co/NkM7klE6Fo",36.175,-115.136
"San Francisco, #ff Follow @FUNcationNation We do Free Drone Giveaway every #FUNcationFriday , https://t.co/XVjq1aefQj",37.785,-122.728
"Olivia Pope's newest associates! ;) @ Washington, District of Columbia https://t.co/nRiJu93JHE",38.895,-77.037
my first time trying hot pot! @ Boiling Point USA https://t.co/98KKhLnD5A,37.489,-121.929
"Accident, left lane blocked in #Beaverton on OR-217 NB at Hall Blvd, stop and go traffic back to OR-99, delay of 8 mins #PDXtraffic",45.458,-122.785
"We just saved a customer over a $5,000.00 purchase by repairing their ice machine! Call our‚Ä¶ https://t.co/YKpj0H8qyG",32.849,-104.398
"extremely dry, flavor profile drops out the bottom of your mouth, tastes a bit l... (Taras Boulba) https://t.co/xhcPlIzvPl",32.782,-96.767
"Multi-vehicle accident, in #Jefferson on Red Mtn. Expwy NB at University Blvd, stop and go traffic back to Highland Ave, delay of 2 mins",33.509,-86.791
"Want to work in #Indianapolis, IN? View our latest opening: https://t.co/NWy1cw0LAg #KellyJobs #KellyServices #Pharmaceutical #Job #Jobs",39.768,-86.158
We're #hiring! Read about our latest #job opening here: Lead Maintenance Technician - https://t.co/XCR1iMNG6s #FacilitiesMgmt,38.253,-85.758
Team Spirit Poster Contest Night! #funnestsport #makeswimmacgreatagain @ Mecklenburg County‚Ä¶ https://t.co/393hCbyKiS,35.217,-80.84
Where to Hike in the DFW Area in Honor of National Trail Day https://t.co/OMgAYps4sd https://t.co/nQZu3wMoCd,32.836,-96.795
"Disabled vehicle, left lane blocked in #Cobb on I-285 SB at Paces Ferry Rd, stop and go traffic back to Riverside Dr, delay of 16 mins",33.865,-84.479
Today's Anti-Violence march @thenewschmid was something I just could not miss.  Last year I‚Ä¶ https://t.co/9B8ps9Yni0,41.717,-87.597
"Genial charla de Yolanda Corral @yocomu con @bylinedu @lasnaves  #ciberseguridad @ ""Las Naves""‚Ä¶ https://t.co/deWAaWaJja",39.459,-0.338
"Accident blocking traffic in #Douglas on C-470 EB approaching Broadway, stopped traffic back to Santa FE Dr, delay of 19 mins #COtraffic",39.565,-104.983
"Muy fan de las hostias como panes que @_ju1_ les da a los ""liberales"" hijos de pap√°. Ni Chuck nuestro se√±or.",55.784,-3.877
"Accident cleared in #Dallas on 30 WB at Dolphin Rd, stop and go traffic back to Lp 12 Buckner Blvd, delay of 10 mins #DFWTraffic",32.791,-96.737
So what does Russia have on our Congress and Senate Republicans? Why aren't they outraged? Why does Sessions still have a job &amp; Kushner?,37.628,-104.777
"Can you recommend anyone for this #job? Maintenance Technician - $1,000 Sign on Bonus - https://t.co/3gRYDPrJM3 #nowhiring #FacilitiesMgmt",37.974,-122.531
My best fiend is better than yours ü§∑‚Äç‚ôÄÔ∏èü§∑‚Äç‚ôÄÔ∏è‚ù§Ô∏è @ Las Vegas Strip https://t.co/eODimDEGcq,36.121,-115.172
"At @carmelvranch, you have #fun with your #food! Many of the üçìüçä&amp; ü•íü•ïare grown on the #ranch at‚Ä¶ https://t.co/HeyoUNz4xv",36.514,-121.797
Ummmmm @trueloveshow1 hoy es viernes y mi mente ya lo tiene muy grabado...habra video hoy?? Las extra√±o...,8.563,-82.413
"We're #hiring! Click to apply: Hair Stylist - https://t.co/MAjGKWIuKL #Cosmetology #Indianapolis, IN #Job #Jobs #CareerArc",39.665,-86.183
"Weather now: thunderstorm, 80¬∞F, 13 mph east wind. https://t.co/42UnuPfNIf",30.326,-81.653
So today we had a chef from Mastros roll into work and create a Sea Food Tower. PS we are hiring‚Ä¶ https://t.co/0Ufo9lSmHi,33.675,-117.873
"London with it's S in sun. @ London, United Kingdom https://t.co/BWRgfMOSCZ",51.507,-0.127
"Accident cleared in #Charleston on I 26 EB at I-526, slow traffic back to Ashley Phosphate Rd, delay of 4 mins #traffic",32.883,-80.02
"Accident, left lane blocked in #EllicottCity on US 29 NB at I-70, stop and go traffic back to Shaker Dr, delay of 26 mins #traffic",39.296,-76.825
"Jammed in #Philadelphia on I-95 NB between Allegheny Ave and Brg St, disabled vehicle, right lane blocked at Brg St, delay of 8 mins",39.982,-75.101
A ground stop is in place at #LGA due to WEATHER / THUNDERSTORMS #flightdelay https://t.co/Hgp2TF6AIv,40.774,-73.872
"Can you recommend anyone for this #job in #Indianapolis, IN? https://t.co/jIfe8gML4e #Sales #Hiring #CareerArc",39.803,-86.014
"Tai Chi Yoga by the sea üíô @ Salt Hill, Galway, Ireland https://t.co/ySA60obAZt",53.261,-9.069
"If you're looking for work in #Indianapolis, IN, check out this #job: https://t.co/1PRBjQfH6B #internship #Hiring #CareerArc",39.664,-86.077
"Who else could get pumped for for a FREE Unlimited Private Jet Program! ‚úàÔ∏è

World Global Network‚Ä¶ https://t.co/LR0AUpBReA",32.956,-96.823
üïäA weekend away by the sea ... plenty of time to try out new designs‚Ä¶ https://t.co/383pHbuGwE,54.21,-0.289
"I'm at De Enyesque in Las Palmas de Gran Canaria, Las Palmas https://t.co/uWxwsQt6Cn",28.135,-15.44
Where to Hike in the DFW Area in Honor of National Trail Day https://t.co/rwv9y8WZIR https://t.co/p3lJa2OvyX,32.755,-96.84
One visitor today really got into the spirit of the place. @ Spotify https://t.co/TWEumlh4Q9,51.515,-0.141
I went to Scooper Bowl and ate as much unlimited ice cream as my poor lactose-intolerant stomach‚Ä¶ https://t.co/6AqG8Q7QdC,40.754,-73.985
"We're #hiring! Read about our latest #job opening here: Maintenance Person - https://t.co/eYppiTO1ho #Hospitality #DeKalb, IL #CareerArc",41.929,-88.75
"current weather in Birmingham: shower rain, 15¬∞C
100% humidity, wind 2kmh, pressure 1015mb",52.48,-1.91
Cancel your after-church plans this Sunday and join Pastor Abdy and some DV leaders after the‚Ä¶ https://t.co/OPcnqYsM5g,25.787,-80.327
"üéíü§ôüèΩüåäüòé @ San Francisco, California https://t.co/0THAz4A9Dz",37.775,-122.418
"Picking up sea glass and Canadian cell towers. @ Eastport, Maine https://t.co/Ycr8TBQdsJ",44.914,-67.004
#49Portraits @Paige__Michaela City Hall is gorgeous. 12 of its artists from across the USA‚Ä¶ https://t.co/P1YgccxwkX,28.538,-81.38
A wild Flareon appeared! It will be 335 meters from The Gateway until 3:47 PM.  #PokemonGO #Monocle #SLC‚Ä¶ https://t.co/LZJabys9Ey,40.771,-111.909
Rizzo' just started trending with 13136 tweets. More trends at https://t.co/IvleifByXY #trndnl,38.899,-77.029
"‚íç #EatThisShow
‚íé Dennis Pitta
‚íè Wade Davis
‚íê Sandusky
‚íë Leo Varadkar

2017/6/2 16:14 CDT #trndnl https://t.co/IvleifByXY",38.899,-77.029
Drinking a Fair Weather Friend by @asylumbrewing @ Asylum Brewing ‚Äî https://t.co/Q2PLW1fJZp,33.85,-117.861
Austin family fun on the water with the uncle and mi madre @ Hula Hut https://t.co/6SIcX7XocD,30.295,-97.785
"Tomorrow is Game Day!!
A Night at the Match Honoring Cancer Survivors 
WEAR GOLD TO SUPPORT‚Ä¶ https://t.co/FvuBfV6DRV",34.205,-119.162
"Worcester Academy athletic prodigies killing it today!!! ""Cgx Worc Academy junior Mia Conte 200m‚Ä¶ https://t.co/zIGN8NopvH",32.756,-117.042
When you are stood in the sea catching regional Pokemon on several devices! #selfie #sea‚Ä¶ https://t.co/xYwhRc4gOc,27.762,-15.683
The Big Daddy is my favorite one. üçß @ Local Boys Shave Ice- Kihei https://t.co/gEQaFiWzPP,20.732,-156.452
"La de Hoy #02jun

Pues es verdad! Me llevar√© s√≥lo las cosas que he vivido! 

Bienvenido mundo‚Ä¶ https://t.co/xu40ks5zfR",9.041,-69.728
"Dipped my #stumps in the water, since I'm all out off feet...üòÇ
#river #optoutside #bidwell‚Ä¶ https://t.co/XrwqPCZgbs",39.77,-121.779
We're #hiring! Read about our latest #job opening here: Intentional Warm Line Specialist Relief - https://t.co/jBnM7ZojnM #Healthcare,43.663,-70.257
"If you're looking for work in #Lafayette, LA, check out this #job: https://t.co/Tp1CGIVUjc #SONIC #Hospitality #Hiring #CareerArc",30.157,-92.047
Shooting up high in the sky | #reddigitalcinema #chicago #chitown #willistower #searstower‚Ä¶ https://t.co/xPcuBXV38M,41.882,-87.63
"samosa chaat (day 7 of ramadan )
 #samosachart #samosas #chart #Iremkhan1 #food #foodporn‚Ä¶ https://t.co/O7mPuOJ8nG",53.799,-1.767
"Can you recommend anyone for this #job in #Fairfield, CA? https://t.co/2HNflEXREH #Healthcare #Medical #Hiring #CareerArc",38.249,-122.04
"Happiness is drawing a TSA PreCheck on both legs of the trip.
#homewardbound @ BWI Thurgood‚Ä¶ https://t.co/3HBvHeKOaf",39.179,-76.669
We're #hiring! Read about our latest #job opening here: Unit Clerk/Monitor Technician ICU - https://t.co/3e1UEpKb99 #Healthcare #Medical,38.249,-122.04
"Join the United Rentals team! See our latest #job opening here: https://t.co/9X1qokLg4A #Sales #FortMcMurray, AB #Veterans #Hiring",56.734,-111.456
#lululemon 10k run #pacers #appreciate dinner #catering #gourmet #torontolife #food #instagram‚Ä¶ https://t.co/aZWKetf1C9,43.665,-79.34
Mirar a mis mejores amigas y pensar : QUE HAR√çA YO SIN ESTAS LOCAS !!! lizcoreno‚Ä¶ https://t.co/nskLsj85Vx,19.433,-99.133
*FODMAP Challenge - Lactose* 1/4 cup ice cream made without high fructose corn syrup. I love‚Ä¶ https://t.co/WTAfo0aqK3,29.763,-95.383
"#USGS08048800 - Big Fossil Ck at Haltom City, TX 
Violent Rain (2.04 in/hr) over the last 15 minutes 
https://t.co/MU2K98js4u",32.807,-97.249
"Accident in #Farmington on I 84 EB at Exit 39a Rt 9, stopped traffic back to Exit 39 Rt 4, delay of 7 mins #traffic https://t.co/y640I1BacG",41.725,-72.782
"Incident cleared in #Jefferson on Red Mtn. Expwy NB at University Blvd, slow traffic back to Highland Ave, delay of 1 min #traffic",33.509,-86.791
"So close (@ George Bush Intercontinental Airport in Houston, TX) https://t.co/yAFunGXaMz",29.987,-95.348
"See our latest #Yuma, AZ #job and click to apply: Maintenance Manager - https://t.co/SXVxvhxB3D #FacilitiesMgmt #Hiring",32.693,-114.628
"Ari at a hospital in Manchester ‚ú®üíï‚ú® @ Manchester, United Kingdom https://t.co/sWmKev01Rf",53.467,-2.233
https://t.co/dQ2puS8LNe,10.169,-64.675
"Accident cleared in #Milton on Coastal Hwy SB between DE-16 and Nassau Rd, jammed back to DE-16, delay of 18 mins #traffic",38.805,-75.272
"I'm at Mariscos El Chalaman in San Pedro Tlaquepaque, Jalisco w/ @erilovgen https://t.co/cGUjLwjgCs https://t.co/P6EV9chPW3",20.601,-103.4
"Write a caption... @ Miami South Beach, Florida USA https://t.co/NAd1Cg3dIn",25.79,-80.132
El sombrerero loco es mi mejor friend üêô @ El Pa√≠s de las Maravillas https://t.co/ww874SFbXz,40.456,-3.874
Sun -clouds -rain and now this pretty sky #gettingdizzy #clouds #weather #globalwarning‚Ä¶ https://t.co/181mpWDCXa,40.778,-73.968
"#howfarillgo!! Pt 2üòÇüòÇ @ Coventry, United Kingdom https://t.co/cev4si5x8U",52.408,-1.511
"Jammed in #Philadelphia on 76 EB between Penrose Ave and I-295 SB, delay of 25 mins #traffic https://t.co/BtegSRDq7m",39.914,-75.182
"Accident, left lane blocked in #Norcross on I-85 NB at Indian Trail Rd, stop and go traffic back to Shallowford Rd, delay of 21 mins",33.928,-84.176
Hello Golden Gate üòä #sanfrancisco @ Golden Gate Bridge https://t.co/YgVAh3Kz2c,37.817,-122.477
"Jammed in #Philadelphia on I-95 NB between Allegheny Ave and Brg St, incident cleared at Brg St, delay of 8 mins #traffic",39.982,-75.101
"ah, the lake life.üö§üòäüíï @ Saluda Lake Landing https://t.co/ugJFOw1WEH",34.879,-82.489
Life is awesome at the seaüòÇüòÇüòÇüòÇüòòüòçüòçüòçüòçüòç @ Port of Miami - Carnival Victory https://t.co/iy1qMbyGIH,25.777,-80.17
"Accident in #FranklinTwp on I-287 SB approaching X10, stop and go traffic back to X17, delay of 20 mins #traffic https://t.co/cLJ9IKJQWV",40.54,-74.513
"This #job might be a great fit for you: Salesperson - https://t.co/cNRF8Fv07J #Automotive #Lebanon, TN #Hiring #CareerArc",36.23,-86.328
"Accident in #Middlesex on I-287 SB approaching X4, stop and go traffic back to X8, delay of 11 mins #traffic https://t.co/cLJ9IKJQWV",40.553,-74.413
"Finally got to see what all the fuss was about, @museumicecream @ MUSEUM OF ICE CREAM https://t.co/QBMcwriB8X",34.033,-118.231
"#Magnolia #FrenchmansCreek #HelfordRiver #Cornwall @ Helford, Cornwall, United Kingdom https://t.co/lEVoueP6wm",50.083,-5.133
Police have blocked the right lane due to high water in #FortWorth on N Lp 820 WB at Mark IV Pky #DFWTraffic https://t.co/4NzBpqfsmZ,32.84,-97.329
"See our latest #Webberville, MI #job and click to apply: Maintenance Technician - https://t.co/6dmxTYJ2w4 #FacilitiesMgmt #Hiring",42.628,-84.175
"Accident. left two lanes blocked in #Fishers on I 69 NB at State Rd 37, stop and go traffic back to 96th St, delay of 5 mins #traffic",39.951,-86.012
"Jammed in #S.Philadelphia on I-95 SB from Walt Whitman Brg to Island Ave, delay of 12 mins #traffic https://t.co/BtegSRDq7m",39.903,-75.151
@jp_buba haciendo de las suyas en 120 excusas @serbia_mx circuitoindiomx @losdaniels @ Maybach‚Ä¶ https://t.co/vj3mhILcyq,21.148,-101.677
"USGS reports a M2 #earthquake 122km N of Ruby, Alaska on 6/2/17 @ 21:13:52 UTC https://t.co/dcziMmqcvz #quake",65.838,-155.648