"Cake, croissants, fruits and more to enjoy at the Lounge in Marriott Marquis in San Francisco.‚Ä¶ https://t.co/zQWyIw58cK"
"Join the Willow Charter Academy team! See our latest #job opening here: https://t.co/KeHGOFr7U8 #Education #Teacher #Lafayette, LA #Hiring"
"If you're looking for work in #Indianapolis, IN, check out this #job: https://t.co/6niFUjVPfB #KellyJobs #KellyServices #Engineering"
"El hashtag #SFOrdenFalsa ocup√≥ el jueves 1, la 3¬™ posici√≥n en el Top20 de las Tendencias de Guatemala: https://t.co/uwfbXuNxJR #trndnl"
Driving my ped in this weather is possibly the worst thing ever...
Happy Friday! I always order a buffet..lol #dranks #food #starving #maggies @ Maggie McFly's of‚Ä¶ https://t.co/InIKfMjKtg
The longest Trends for Thursday 1 in Oklahoma was 30 characters: https://t.co/6lSdamdtqk #trndnl
"Cuando pasas por las calles de tu pueblo y ves unos puerquitos üê∑ bien grandes, sabes que est√°s‚Ä¶ https://t.co/cd9RcaiMDk"
"Accident in #Kent on US-131 NB between 10 Mile Rd and 14 Mile, stop and go traffic back to Post Dr, delay of 15 mins #traffic"
¬øQuieres conocer cu√°les fueron las 235 Tendencias del jueves 1 en Colombia? https://t.co/tZDgzMKPnt #trndnl
This #job might be a great fit for you: Research Coordinator II - Swedish Cancer Institute - https://t.co/tAFP8iEXb4 #GeneralScience
Leeds was the city of United Kingdom with more Trends on Thursday 1: https://t.co/7IY9yV7WTA #trndnl
Will be smoking some Nova Scotia Sea Salt in a bit. Bringing our Natural and Smoked Nova Scotia‚Ä¶ https://t.co/ovWG1aDBX3
Sushi lunch at Los Angeles Intl Airport. @ Los Angeles International Airport (LAX) https://t.co/JnweXBzCrx
"Updated: Metra GTFS (Chicago, IL, USA) https://t.co/FjaMQU4PdV"
"Accident, two lanes blocked in #Sacramento on US-50 WB after Howe Ave, stopped traffic back to Watt Ave, delay of 13 mins #traffic"
El mayor n√∫mero de Tendencias en Espa√±a para el jueves 1 tuvo lugar a las 16 horas: https://t.co/tZAvznfu4T https://t.co/O6na7QsEu0
Jack Ellison landing a good backhand in his last bout. @ Fusion Liverpool https://t.co/DHN66wlDxS
Crash on US 31 NB @ MP 273.9 near  SR 149; University Blvd in Birmingham
"USGS reports a M2.11 #earthquake 8km W of Volcano, Hawaii on 6/2/17 @ 19:56:27 UTC https://t.co/fpqaeurLX4 #quake"
"Join the The Procter &amp; Gamble Company team! See our latest #job opening here: https://t.co/e5Npxh1vOx #Sales #Lafayette, LA #Veterans"
"current weather in Carson City: clear sky, 75¬∞F
22% humidity, wind 7mph, pressure 1018mb"
"SUPPER TODAY JUNE 2nd to help support my little sister @itsvinnybro internship in Las Vegas,‚Ä¶ https://t.co/PG6kuSu7nJ"
"#queensquare #bristol #uk #southwest @ Queen Square, Bristol https://t.co/ORXIjC21T6"
Hoy empieza la magia @davidbisbal Las noches inolvidables que marcan nuestras vidas para todo‚Ä¶ https://t.co/sou4j7zk6y
"Stand up, stand up. Bang your drum. We are the barbarians. (@ San Francisco International Airport - @flysfo) https://t.co/SAadyqd7E1"
Casa relax f√∫tbol y Baviera.... una de las mejores combinaciones posibles!!! üòú #baviera #futbol‚Ä¶ https://t.co/YX5UV9WPxA
"current weather in Reno: clear sky, 77¬∞F
22% humidity, wind 7mph, pressure 1018mb"
#Carpool #Parker -&gt; #Centennial rideshare 1 Seat offered split costs https://t.co/r0a1rYRm5i
Mira pa' sin extraordinarios üòéü§ôüèªüéì @ Centro Universitario de los‚Ä¶ https://t.co/bqnrk9Ep5v
"Accident cleared in #Cobb on I 75 SB at Delk Rd, stop and go traffic back to Canton Rd. Conn, delay of 14 mins #ATLTraffic"
"Te esperamos ma√±ana, ¬°Requisitos! Estar entre las edades indicadas que son desde j√≥venes de 13‚Ä¶ https://t.co/cmI2IXrGzj"
Chicago. @ Michigan Avenue Bridge https://t.co/odZZ0emH5D
"current weather in Rennes: broken clouds, 17¬∞C
68% humidity, wind 4kmh, pressure 1016mb"
Gorgeous rainbow formation near water falls.  Perfect combination of Sun rays + water droplets‚Ä¶ https://t.co/MJxXD2EJhl
"current weather in Chico: scattered clouds, 82¬∞F
44% humidity, wind 6mph, pressure 1013mb"
Let the Brazilian adventures begin!! üáßüá∑üáßüá∑üáßüá∑‚ù§Ô∏èüí™üèº @ San Francisco International Airport https://t.co/rVHgcHChia
"current weather in Carmichael: clear sky, 81¬∞F
39% humidity, wind 10mph, pressure 1013mb"
"It was an amazing night! Could not have asked for better weather,‚Ä¶ https://t.co/0a0pDbCrj2"
"La guerra de las galaxias, El imperio contraataca y El retorno del Jedi. #starwars @ Distrito‚Ä¶ https://t.co/a3kbqBJTYr"
Chicken parm. Fettuccine. Salad #lunch #lunchtime #hou #houston #htx #summer #paulies #food‚Ä¶ https://t.co/bkg4yVyypp
"We're #hiring! Click to apply: Technician Maintenance - https://t.co/fQ5ECvZyie #FacilitiesMgmt #Northborough, MA #Job #Jobs"
"Yup, you already know! smithsoldebar!! #djsky #djsky1 #smithsoldebar #atl #atlanta‚Ä¶ https://t.co/MCby45YKYU"
"current weather in Stockton: clear sky, 81¬∞F
39% humidity, wind 6mph, pressure 1013mb"
"#caduta #ItalianGP Vi√±ales: The crash? Lucky I wasn't hurt: ""Just a few knocks. The Yamaha is working well at‚Ä¶‚Ä¶ https://t.co/sceqNChD5p"
"Want to work at Altice USA? We're #hiring in #Arkadelphia, AR! Click for details: https://t.co/D4OGeliyyj #Sales #Job #Jobs"
"Join the Altice USA team! See our latest #job opening here: https://t.co/2wjix8lgN2 #Sales #Abilene, TX #Hiring"
Opened Street or Sidewalk Cleaning request via android at Intersection of Leavenworth St &amp; United Nations Plz‚Ä¶ https://t.co/QgFhp6lFTr
Closed Tree Maintenance request at 3731 Market St https://t.co/Vpuuc2BANJ. Case closed. case resolved. https://t.co/Ua1IgNvjvH
Just posted a photo @ Six Flags Hurricane Harbor Oaxtepec https://t.co/SR1aewPB6u
Back at Boston Logan for return flight to BWI. It's been an interesting few days. Maybe next time I can catch a... https://t.co/t1T4mflrwt
@kathygriffin now you want to go after Baron Trump?  Its over. Go away #Trump #USA
"Can you recommend anyone for this #job in #Indianapolis, IN? https://t.co/KIQ4RGMZvx #Nursing #Hiring"
"Updated: ART GTFS (Arlington, VA, USA) https://t.co/5CJRXeoQP5"
"‚íç #EatThisShow
‚íé Sandusky
‚íè Scott Pruitt
‚íê Dennis Pitta
‚íë Leo Varadkar

2017/6/2 15:14 CDT #trndnl https://t.co/IvleifByXY"
"Can you recommend anyone for this #job in #Indianapolis, IN? https://t.co/NjfgETqo9b #SocialWorker #Hiring"
"Nuevo Chevrolet Cruze Premier 2017
@RobertGBaleon @ Chevrolet Delta https://t.co/MgRByCcR8J"
This online money is not a game. Comment for info. ‚ÄºÔ∏èUSA and Canada Only‚ÄºÔ∏è#entrepreneur‚Ä¶ https://t.co/5sHXywL0wY
"A little bit of architecture on our walk to the bridge @ New York, New York https://t.co/V0ebGHjvY2"
"Accident, right lane blocked in #Richardson on 75 NB at Campbell Rd, stop and go traffic back to Arapaho Rd, delay of 4 mins #DFWTraffic"
"Accident in #Dublin on I-270 EB approaching I-71 N, stop and go traffic back to US-33, delay of 24 mins #traffic https://t.co/hylMo0EFh8"
coraz√≥n de mel√≥n @ Isla Palomino https://t.co/rj1ImvA1RH
Unitedüõ†Apparel #FREESHIPPING LINK IN BIO #UnitedApparel #dadhats use code 1972 valid From June‚Ä¶ https://t.co/ZsKpo10x1o
This is not your mom's ice cream sundae. #desserts @ The Mode Lounge https://t.co/vYpopff6zE
We're #hiring! Read about our latest #job opening here: Maintenance Engineering Technician - https://t.co/0JoLkHlrwR #KellyJobs
Daddy and I got Mommy this awesome purple chair for her Zen Den for‚Ä¶ https://t.co/s3vgTVMb5I
Get what's your's @khadzhibest !! #LFA13 @kings_mma @ Los Angeles International Airport (LAX) https://t.co/wjsMaRXkZ4
"M/W/F workout finisher! Agility ladder with sprints &amp; ice skaters!
First part of workout:‚Ä¶ https://t.co/C2MpO8hQ9b"
se17ior eventüê†üê¨üåä @ Under the Sea https://t.co/vGR5pL4kqL
Watching wonderwomanfilm #pumped @LularoeLoralei @ Cinemark Tinseltown USA https://t.co/p0NMqmjdo0
Water Hyacinth photo by CajunKatPhotos #fotofanatics #photographylovers #louisiana #louisianaart‚Ä¶ https://t.co/WxtOjw9ywS
luxury private jet charter https://t.co/E7marVR5VR #luxuryprivatejets #privatejet‚Ä¶ https://t.co/4ts3Mzcdno
"Jammed in #Philadelphia on 76 EB between Packer Ave and I-295 SB, delay of 20 mins #traffic https://t.co/BtegSRDq7m"
üèÜ @chelseafc ‚öΩÔ∏èüîµ‚ö™Ô∏è #football #stamfordbridge #retirada #london‚Ä¶ https://t.co/IytTrGypmN
Closed Street or Sidewalk Cleaning request at 96 Lafayette St https://t.co/kRwP5l0jgr. Case closed. case resolved. https://t.co/2A738kDOio
Charles Woodson among those on 2018 College Football Hall of Fame ballot https://t.co/sQZNeD59c0 #RAIDERNATION #NFL https://t.co/rHTpgVrXhu
"I'm at @CoffeeBarSf in San Francisco, CA https://t.co/9p06y3110E"
"See our latest #Indianapolis, IN #job and click to apply: Business Analyst 2 - https://t.co/eQL5cHKbdH #IT #Hiring #CareerArc"
Just posted a photo @ Six Flags Hurricane Harbor Oaxtepec https://t.co/c7N3ywzBuL
"I'm at Huey P. Long Bridge - @hueypbridge in Jefferson, LA https://t.co/3dKCUWKMR4"
"Encuentra las diferencias, no se valen las cjaz https://t.co/RtTNkvAbQe"
Incident on #I190NiagaraThruway NB from After Exit N8 (I-190) - Niagra St to Exit N9 (I-190) - Peace Bridge - Canada https://t.co/zPkPGSROiI
Al cabo que en las vacaciones no cuenta! ü§£ #nodiet @ Central Park https://t.co/eKUQur1eTt
"Rio Mississippi, o segundo rio mais longo dos Estados Unidos. @ Mississippi River Bridge https://t.co/GqFX8LI3sl"
walking away from fuckboys like ‚úåüèªüíÉüèªüôåüèº #brooklyn #bestie #midnightmemories üëØüçæüåâüåÉ @ Brooklyn Bridge https://t.co/usKiun2kPs
#Carpool #Exton -&gt; #Edison #1986 rideshare split costs https://t.co/e4KkIg2HoY
"Want to work at Department of Veterans Affairs? We're #hiring in #Lafayette, LA! Click for details: https://t.co/q7aNwNkYvp #Nursing #Job"
"I'm at Twitter HQ - @twittersf in San Francisco, CA https://t.co/Osf47hXTt3 https://t.co/k02xKrsRhL"
"GRADUACI√ìN 2¬∞BACHILLERATO. ‚ô•Ô∏è 
Solo me queda daros las GRACIAS una‚Ä¶ https://t.co/xqHPub3fxF"
"But, I don't wanna go back inside to practice!!! üò≠ 

Blue skies, gorgeous weather, and all the‚Ä¶ https://t.co/l7GD4XWLVK"
"Did the ""Mom Popup"" while he was at work. In a sea of guards, I can‚Ä¶ https://t.co/EBqQBfRn96"
"This #job might be a great fit for you: Maintenance planner / scheduler - https://t.co/R1oJaHKaMN #Manufacturing #FortGibson, OK #Hiring"
"Want to work at Epic Management? We're #hiring in #Redlands, CA! Click for details: https://t.co/Swi0aSfF3Q #Certified #Medical #Job #Jobs"
"Study is easy in this weather. @ Ossining, New York https://t.co/NlhxIs8UrG"
Protest as the meat of politics -the stupendously spun Street Hassle by #louisbenassi - weighty‚Ä¶ https://t.co/mrAykqXbTE
"It's been a warm summer day, üå§ and the tourists are out in force. (@ Laclede's Landing) https://t.co/TlSF5jgyor https://t.co/nLIE5PpN2v"
"Accident cleared in #RockyHill on I 91 NB between Exit 24 Rt 99 and Exit 25-26 Rt 3, slow traffic back to Exit 23 Rt 3, delay of 4 mins"
#DameEseBuenPack estuvo el jueves 1 como Tendencia en Las Palmas durante 11 horas: https://t.co/1YT1GqmwZU #trndnl
El mayor n√∫mero de Tendencias en Puebla para el jueves 1 tuvo lugar a las 9 am: https://t.co/KyCg7Fm50u https://t.co/xNVEpQbJrI
#Carpool #Mechanicville -&gt; #Mechanicville rideshare split costs take turns https://t.co/bk2hoLjXAG
New music By Ill Mike ‚ÄòIce Cold' Ft. Lord Keeno Rich (Prod. By BigShot) (Link in  bio)‚Ä¶ https://t.co/LgiqDnVnPF
Patriotism defined by teddy Roosevelt. Very relevant today #againwithbeth #patriotic #usa‚Ä¶ https://t.co/Me1fcbG7Rd
Jeni's after a tiring day of moving in ‚ù§Ô∏è @ Jeni's Splendid Ice Creams https://t.co/0Zjh4TulFW
"Want to work in #Milwaukee, WI? View our latest opening: https://t.co/qPUo0jagao #Maintenance #Job #Jobs #Hiring"
Me enjoying the sunshine last week üòä Fingers crossed for lovely weather tomorrow for the‚Ä¶ https://t.co/RdTZWWkgT7
"Accident, two lanes blocked in #Douglas on C-470 EB approaching Broadway, stopped traffic back to Lucent Blvd, delay of 8 mins #COtraffic"
My gig for the night. https://t.co/q8jqOR45FQ @ Demeester Outdoor Performance Center https://t.co/XX6G9V8toc
"current weather in Turlock: clear sky, 83¬∞F
37% humidity, wind 8mph, pressure 1013mb"
"Playing tourist with @omar_runs. Even spotted some sea lions and whales out there! üê≥ @ Newport,‚Ä¶ https://t.co/yPDqybwnAb"
Fun gig at Orchestra Hall w/ poboxmusic Pt 5! ...even still not cheering for me. #7DayzofPOB‚Ä¶ https://t.co/7yY6bnVfvJ
Hoy viernes 2 de junio entrevista en vivo y en directo por #RaicesUrbanas #FuzionStereo a las‚Ä¶ https://t.co/ucdViy8Qbb
"current weather in Lisbon: few clouds, 20¬∞C
82% humidity, wind 8kmh, pressure 1018mb"
Kingsbridge food and music festival this evening. üé∂üçπ #devon #kingsbridge #food #music‚Ä¶ https://t.co/TrHeOl6kf6
"üç± (at @Sushi_Factory in Zapopan, Jalisco) https://t.co/po4IwL9CLH"
"*
*
*
*
*
#PLURBunnies¬†#usa¬†#EDMBabes¬†#slay¬†#EDMNation#EDMFriends¬†#EDMLifestyle¬†#ElectricFamily#c‚Ä¶ https://t.co/7loi2L7128"
Flight club üéØ @ Flight Club Shoreditch https://t.co/lJuWqRFMug
"Want to work at Forward Air Transportation Services? We're #hiring in #Indianapolis, IN! Click for details: https://t.co/nRbqUlEmvw #Job"
"Accident cleared in #Dallas on 35E NB at Ann Arbor Ave, stop and go traffic back to Lp 12 Ledbetter, delay of 1 min #DFWTraffic"
It's all go in BoS #bermondsey #londonüá¨üáß @ Tower Bridge https://t.co/MWBXrqEUmv
"Patrullero Tornado P44 saliendo hacia la zona de la Parada Naval, para realizar la revista del‚Ä¶ https://t.co/WiStiLPrXK"
We're #hiring! Read about our latest #job opening here: Maintenance Supervisor - https://t.co/kJkGJnhQTg #cintasjobs #FacilitiesMgmt
"My office has been a disaster while getting ready for REU, so I'm happy to have a chance to‚Ä¶ https://t.co/Qo2eI0hI9D"
"current weather in Vancouver: light rain, 17¬∞C
63% humidity, wind 1kmh, pressure 1020mb"
Y fue con ellos que aprend√≠ a ver Football y me enamor√© de ese deporte üòç (es m√°s larga mi lista‚Ä¶ https://t.co/ySZoeYbRSa
"current weather in Medford: clear sky, 73¬∞F
43% humidity, wind 3mph, pressure 1016mb"
"WEATHER WARNING: Flash floods could hit south Bucks, forecasters warn https://t.co/73CefsNKmS #Bucks https://t.co/vlay4e37Pn"
"Accident. two left lanes blocked in #SanAntonio on I-10 EB at Cincinnati Ave, stop and go traffic back to Fulton, delay of 5 mins #traffic"
"New Manga of the week:
Kingdom Hearts 4, Shomin Sample 6, Spirit &amp; Cats Ears 2, Hatsuni Miku""Bad‚Ä¶ https://t.co/kCmaNFMyf7"
@MiamiFashionWk @rodnerfigueroa #miamifashionweek #rodnerfigueroa @ Ice Palace https://t.co/Rvvr3BfNrC
"current weather in Vigo: broken clouds, 20¬∞C
77% humidity, wind 6kmh, pressure 1019mb"
Cute today @ Punch Bowl Social Indianapolis https://t.co/Wgele6xjho
"70 tourists from Indonesia enjoy a day of democracy at the range. America üá∫üá∏ @ Gun For Hire, LLC https://t.co/Qlk0hDY7h5"
Excellent pale ale great hops &amp; citrus - Drinking a Mad Goose by @PurityAle @ Brigus  ‚Äî https://t.co/qwualrMwWr #photo
"current weather in Portland: clear sky, 66¬∞F
59% humidity, wind 7mph, pressure 1019mb"
Sunshine on Leith @ Hibernian Football Stadium https://t.co/KNeE1Pk7Mw
Thanks to SLC alumni for stopping by CURB for a visit and tour! #sarahlawrencecollege #CURB @‚Ä¶ https://t.co/eTAiRsZYZM
It's game day baby #letsgetit  üî∂üî∑CatchOn with https://t.co/tewXHfA5xW @ Chicago Bandits Stadium https://t.co/eGk8mQ6Cmo
#Boston #trip #massachusets #us #usa #nature #natural #travel #relax #love #follow #instagram‚Ä¶ https://t.co/bVGPmszJJk
"Everyone loves summer nights. Let's make some memories. 

Did someone say Kona Ice? @ Charter‚Ä¶ https://t.co/77tbqsw7Dq"
@HanSoLow77 They have some cool ones but I feel the same. I can't pay for my physical ticket...
"Join the Domino's team! See our latest #job opening here: https://t.co/w9yL5Cd4Yd #Maryland #BWI #Hospitality #Baltimore, MD #Hiring"
73.6F (Feels: 78.8F) - Humidity: 99% - Wind: 3.2mph ESE - Gust: 3.7mph - Pressure: 29.957in #weather https://t.co/75yzNJjEvP
IE ‚Äî  Ireland must quit EU with Britain to avoid Brexit pain' - Remaining in the EU without the UK will be so‚Ä¶ https://t.co/rlRDhbBJ6s
"Temp:Crab Orchard, Ky.:61.0¬∞F Wind:0.0mph Pressure: 30.06hpa Steady Rain Today 0.00in.  Forecast: Fine weather"
"‚íç Steph
‚íé #HopelessFountainKingdom
‚íè Deron Williams
‚íê Draymond
‚íë Colours 2

2017/6/1 23:32 CDT #trndnl https://t.co/IvleifByXY"
Golfers to return to Kananaskis Golf in 2018. Kevin Fleming reports on ongoing post-flood restoration effort‚Ä¶ https://t.co/Fq2WabwYzz
¬øPor qu√© siempre te acabas encontrano a las mismas personas en el metro?
"02/06/2017 a las 04:40h UTC:
Temperatura: 18,6¬∫C; H.R.: 62%; Presi√≥n: 1015,04hpa;
Viento: 1,6Km/h ; Precipitaci√≥n hoy: 0,0mm."
#co√±ac #panoramic @ Stratosphere Las Vegas https://t.co/aXCMmf49BR
A veces las l√°grimas lo dicen todo cuando las palabras no pueden.üëå
"1.5 magnitude #earthquake. 21 km from #Bodfish, CA, #UnitedStates https://t.co/XnJWt5vhXL"
–≠–π –≤—ã ))) —Å—Ç–æ–ø—É–¥–æ–≤–æ –≥–æ–≤–æ—Ä–∏—Ç–µ –∑–∞—Å—Ä–∞–ª –≤—Å—é –ª–µ–Ω—Ç—É —Å–≤–æ–µ–π –∞–º–µ—Ä–∏–∫–æ–π)) –≤–æ—Ç –µ—â—ë –Ω–µ–º–Ω–æ–≥–æ) @ Brooklyn Bridge https://t.co/4EvKOlFacO
Looking back on an absolutely #beautiful weather #perfection #sunny 75-degree #spring day‚Ä¶ https://t.co/FYgg9DW83D
"El s√°bado a las 17 @virginiamaestro estar√° actuando en en @mercadocdiseno , esta vez en Las‚Ä¶ https://t.co/7bkKv3KLMW"
"When caught slipping works out!

#skscrubs #toronto #yyz #charityevent @ Evergreen Brick Works https://t.co/OIiIundT3O"
Weather cooperated for #flyingirish tonight and @nolibrewhouse was accommodating as always‚Ä¶ https://t.co/sztuQW7OOF
Hoy en el estudio de @okudart probando las propuestas en cocteler√≠a del gran chef Jos√© De Dios‚Ä¶ https://t.co/HHrhS0GM2V
"current weather in Pamplona: clear sky, 17¬∞C
93% humidity, wind 2kmh, pressure 1018mb"
D√≠as sin poner #fotocielo y ahora mientras me vuelco un #fresquito veo que se est√° poniendo m√°s‚Ä¶ https://t.co/niWAOkZMoR
"Esplanade Riel Footbridge
#Winnipeg #Esplanade #Bridge #skillscanada #√âquipeQu√©bec2017 @‚Ä¶ https://t.co/is4s18BAEM"
"Weird sudden sunshine rainstorm #nyc #weather #rain @ New York, New York https://t.co/NkDZXDdrcJ"
"current weather in Oakland: scattered clouds, 76¬∞F
62% humidity, wind 13mph, pressure 1014mb"
"Vegas tonight at vinylvegas !!!
Tickets: https://t.co/sDNMgMdYnx @ Vinyl Las Vegas https://t.co/VAxPVDLoKc"
4pm: #Parry Sound #Weather
#Boston #trip #massachusets #us #usa #nature #natural #travel #relax #love #follow #instagram‚Ä¶ https://t.co/jLjTjDdh4l
"current weather in San Francisco: haze, 74¬∞F
62% humidity, wind 13mph, pressure 1014mb"
"Can you recommend anyone for this #job? Maintenance Person - https://t.co/95bFmgAlnR #Hospitality #Harrisburg, PA #Hiring #CareerArc"
"current weather in Kirkland: broken clouds, 66¬∞F
63% humidity, wind 7mph, pressure 1020mb"
Las clases de Guitarra estar√°n en nuestro VERANO MUSICAL SONFONIC 2017. Informes al 752.24.97‚Ä¶ https://t.co/YhTgfNh2SW
Sombra del agua en San Crist√≥bal de las Casas @ Hotel Sombra De Agua https://t.co/Na3GE4KM5g
"San Francisco, I want to have FUN tonight! What is FUNcation? https://t.co/wiUWNX5TNK , https://t.co/7at8O4HujK"
"Thanks For The Likes, Jessie Taylor üåπüòò‚ù§Ô∏èÔ∏è (at @BigLots in Indianapolis, IN) https://t.co/9WaEm37UZI"
"Updated: Washington State Ferries GTFS (Seattle, WA, USA) https://t.co/YpTCijoVPh"
Ya son las 4? (@ Hotel Puntarenas Beach) https://t.co/BTCpdFqGev
"Incident cleared in #StatenIsland:OnTheWestShoreExpwy on The W Shore Xpwy NB at I 278, stop and go traffic back to S Ave, delay of 4 mins"
"Panna Cotta mixed Berries.
#food #foods #foodie #foodies‚Ä¶ https://t.co/aujn6LnBY7"
Hopefully the Cardinals bullpen catches Rick Ankiel Disease and throws a few wild pitches here
"current weather in South Hill: scattered clouds, 66¬∞F
63% humidity, wind 8mph, pressure 1020mb"
"Accident, left lane blocked in #Southfield on I-696 WB after M-10 Lodge Fwy, stop and go traffic back to M-10, delay of 5 mins #traffic"
"Want to work at Altice USA? We're #hiring in #Plano, TX! Click for details: https://t.co/RXaQard747 #Sales #Job #Jobs"
Trend Alert: #bbcqt. More trends at https://t.co/IvleifByXY #trndnl https://t.co/gSIYVY53Tp
Have you seen 12811 Old Bridge Lane #VA? Let me know what you think!   #realestate https://t.co/SONUfUpmcF https://t.co/VZGIjlicTZ
"#16090
La Crosse, WI, USA
map: https://t.co/lsOW5MzXxC https://t.co/t89Xf7IOti"
"We're #hiring! Click to apply: Maintenance Technician I- Albany, MO - https://t.co/2QmGEG7ms6 #Healthcare #Albany, MO #Job #Jobs"
"I'm watching you, #Delta.
#DontForgetMyBag @ Delta Terminal - John F. Kennedy International Airport https://t.co/lIAF1ZiZVr"
"Accident, right lane blocked in #Columbus on I-270 NB at I-70 E Side, stop and go traffic back to US-33 SE, delay of 9 mins #traffic"
"current weather in Auburn: few clouds, 66¬∞F
56% humidity, wind 3mph, pressure 1019mb"
"current weather in Fremont: haze, 75¬∞F
62% humidity, wind 13mph, pressure 1014mb"
"Thanks For The Likes, Jessie Taylor üåπüòò‚ù§Ô∏èÔ∏è (@ smoke Shop in Indianapolis, IN) https://t.co/DSgZWEJX6M"
This #job might be a great fit for you: PRACTICE NURSE MELANOMA ONCOLOGY DISEASE TEAM; Registered Nurse - https://t.co/KoWaYlJhKI #Nursing
"current weather in Salinas: clear sky, 67¬∞F
44% humidity, wind 6mph, pressure 1014mb"
"Life on the bridge. #collinsville #collinsvillect #connecticut #bridge @ Collinsville, Connecticut https://t.co/4bwXnhAZSt"
"Thanks For The Likes, Jessie Taylor üåπüòò‚ù§Ô∏èÔ∏è (@ Dixies House in Indianapolis, IN) https://t.co/DFO1wiXywV"
"The weather in Waterloo today got me HYPED up for all the festivals I'll be missing this summer,‚Ä¶ https://t.co/ihGfCpNfxc"
"current weather in Sammamish: few clouds, 66¬∞F
56% humidity, wind 3mph, pressure 1019mb"
"Time to go see some family (at @United Airlines in Los Angeles, CA) https://t.co/P53xVVkT9o"
Let's do this Mission!! Spirit Week!! #beyou #bemagenta #missiontxtech #TEX #TEXperts  -LA @‚Ä¶ https://t.co/eaxh3IcgfN
"#wclüë©‚ÄçüöÄ @ Las Vegas, Nevada https://t.co/XBgt16PZVM"
"1,774 users and 1,776 tweets (1753 RTs) in 2 days made 'Colours 2' a Trending Topic in United States. #trndnl"
@KGAEnclosures the 1st mention of 'Colours 2' appears on your TL. Now is Trending Topic in United States! #trndnl
"current weather in Vitoria: shower rain, 18¬∞C
93% humidity, wind 3kmh, pressure 1019mb"
"USGS reports a M1.66 #earthquake 20km SE of Bodfish, CA on 6/2/17 @ 4:35:15 UTC https://t.co/CcHt8U2OEB #quake"
"current weather in Valencia: scattered clouds, 19¬∞C
82% humidity, wind 1kmh, pressure 1018mb"
"I'm at Stan Musial Veterans Memorial Bridge - @missriverbridge in St. Louis, MO https://t.co/R085ByRYvW"
"Accident on the right shoulder in #Bloomington on 35W NB at 82nd St, stop and go traffic back to 90th St, delay of 3 mins #traffic"
"See our latest #Lebanon, KY #job and click to apply: Bilingual Store Counter Sales - #hiring #career https://t.co/wZI9PnpTr2"
"See our latest #Hagerstown, MD #job and click to apply: Distribution Center Maintenance Technician II - https://t.co/8XVkxvtoU6 #Hiring"
"*
*
*
*
*
#PLURBunnies¬†#usa¬†#EDMBabes¬†#slay¬†#EDMNation#EDMFriends¬†#EDMLifestyle¬†#ElectricFamily#c‚Ä¶ https://t.co/HSwkKqgA4V"
"Accident cleared in #Charleston on I-526 WB approaching Virginia Ave, slow traffic back to Clements Ferry Rd, delay of 2 mins #traffic"
"We're #hiring! Read about our latest #job opening here: Maintenance Mechanic 2 - https://t.co/4Psj97N1Hc #FacilitiesMgmt #Warsaw, IN"
"Incident cleared in #Parsippany on I-287 SB at X39, stop and go traffic back to Rt-46, delay of 9 mins #traffic https://t.co/cLJ9IKJQWV"
"Accident in #Nassau on The Southern St Pkwy EB at Bellmore Ave, stopped traffic back to Hempstead Ave, delay of 56 mins #traffic"
"We're #hiring! Click to apply: STORE MGR CANDIDATE - MARKET in Las Vegas, NV - https://t.co/rEq2xsWePr #Marketing #LasVegas, NV #Job #Jobs"
4pm: Mainly Sunny 20.5C - Wind: W 21km/h Gusts to 38km/h - Bar: 101.6 kPa v - Hum: 35% #Toronto #Weather
"Playing tourist with @omar_runs. Even spotted some sea lions and whales out there! üê≥ @ Newport,‚Ä¶ https://t.co/4vAxAeSxKQ"
"Performance #SpellingBeeInternational #Amco #LeitBee (at @ExpoGuadalajara in Guadalajara, Jalisco) https://t.co/WRiu1jgCv8"
WINNER WINNER VEGAN DINNER üòùüòù and a Jurassic 5 ticket... trowbs with the Barmaid pose atop the‚Ä¶ https://t.co/sPQ7sy6bO0
"Stop and go traffic in #SeSide on I-45 gulf Fwy Inbound between Lockwood and 69, delay of 7 mins #traffic https://t.co/vuUN2yElDh"
"Incident cleared in #Dearborn on M-39 NB at Ford Rd, stop and go traffic back to Michigan Ave, delay of 4 mins #traffic"
"Listo (@ Hotel Las @BrisasIxtapa in Ixtapa, GRO, GRO) https://t.co/TpmwivIofP"
"Accident, two lanes blocked in #Oakland on I-580 EB after 106th Ave, stopped traffic back to Seminary Ave, delay of 22 mins #BayArea"
"Thanks For The Likes, Jessie Taylor üåπüòò‚ù§Ô∏èÔ∏è (@ Rock-Cola Cafe in Indianapolis, IN) https://t.co/gkkph2Zflv"
Crash cleared on I-459 NB @ MP 15 near Exit 15: I-65 in Birmingham
Que gran orgullo compartir este evento con profesionales de alto nivel que hacen grande las‚Ä¶ https://t.co/3xIfA2lKG3
"Accident, left lane blocked in #EastGreenwich on Rt 4 NB at EX 7, stop and go traffic back to EX 6 - S Cnty Trail, delay of 4 mins #traffic"
"My wedding ring is now two sizes smaller. (@ Stall &amp; Kessler's Diamond Center in Lafayette, IN) https://t.co/CPpB9qW5ld"
"Dual Controls #QuinnInNYC @ Intrepid Sea, Air &amp; Space Museum https://t.co/RFIS6sd3yN"
Summer hair üí´ #gastownsalon #salon #hairbysarahbraim #yvr #lorealpro #colourspecialist @ The‚Ä¶ https://t.co/KpvksaMMeA
Accident in #Indianapolis on Southport Rd at Tibbs Ave #traffic https://t.co/v5CI0sjuTV
"¬øYa son las 5? (@ Vicerrector√≠a de Investigaci√≥n in San Pedro, San Jose) https://t.co/ubD0aRnjmB"
"Elish from Little Peacock Imports joins USA Tonight from 5-7pm, Pouring a Stellar Selection of‚Ä¶ https://t.co/Qf5aq55c1H"
"Las hermanas Olsenüë≠ü§ì

. #olsenpower @ La Colmena https://t.co/yFZNCbGdC1"
"""La Lectora"". Pruebas de impresi√≥n. #lin√≥leo #linograbado #linoprint @ Las Palmas de Gran Canaria https://t.co/DzDu3HwU3c"
"rain rain go away. I don't like this fuel delay. #Tulsatime (@ Tulsa International Airport (TUL) in Tulsa, OK) https://t.co/GBPogX9R5z"
"Accident in #Shirley on William Floyd Pkwy SB before Victory Ave, stop and go traffic back to Moriches Middle Island Rd, delay of 8 mins"
"This #job might be a great fit for you: Extern ‚Äì Las Posas Dental Practice and Orthodontics - https://t.co/6QBGGTkZX9 #SanMarcos, CA"
"We're #hiring! Click to apply: MAINTENANCE CLERK Mon-Fri 8am-4:30pm - https://t.co/9RSVG0pmHz #FacilitiesMgmt #Marion, IN #Job #Jobs"
Strong hoppiness approaching an IPA with a lighter malt profile than exp... (Graveyard's Pale Ale) https://t.co/c5fOu1xSi1
"Loved meeting more acupuncturists in San Francisco last night!  I love you ladies!

Community is‚Ä¶ https://t.co/kVNBb7PZ3w"
"Accident, two lanes blocked in #SanFrancisco on US-101 NB before Vermont St, stopped traffic back to Cesar Chavez St, delay of 8 mins"
"@tedcruz @immigrant4trump Ted, tell him to pay for every in the plane ticket to reduce the carbon print! Billionaire flying commercial?"
Crash cleared on I-20/59 EB @ MP 123 near Exit 123: US 78; SR 4 in Birmingham
Last day in paradise @ Natural Bridge Aruba https://t.co/eWFvSNGe3v
#justfinishedreading Mad Girl by Bryony Gordon: Mad Girl is an endearingly honest memoir of‚Ä¶ https://t.co/wnIvmaOg7f
Went out to Red Rock Canyon today with Pawlie üòÉüòÉ üê∂ üê∂ üëçüèªüëçüèª @ Red Rock Canyon Las Vegas https://t.co/ywlEe9175X
#fbf Intent's last gig at AHC 2015 #35mm @ Middle East Restaurant and  Nightclub https://t.co/AkuflbtwXH
Qui√©n juega al juego de las emociones? #dondelpulpo dondelpulpo pepacob @ Lavapi√©s: Ocio y Cultura https://t.co/IvReKY9vK2
"If you're looking for work in #Indianapolis, IN, check out this #job: https://t.co/JXA2yilwxv #Transportation #Hiring #CareerArc"
"Siempre con el apoyo de las mejores marcas: 
@PALODEROSA1
maxima_puertadorada
peluqueriamilena @‚Ä¶ https://t.co/9r1F1IBTrv"
It's Friday Sundae's at Klokwerks. Also an ice cream B-Day for Our one handed artist  birthday‚Ä¶ https://t.co/9jQoOpMXLR
üì∫ This video from @fox10phoenix is trending today (17th) on YouTube USA https://t.co/tfrttJ0ZVe
Drinking a Milwaukee's Best Ice by @MillerCoors @ City of Huber Heights ‚Äî https://t.co/7nbWOg2mFs
"Fanatica de las carteras, para la playa üòé elijo la mejor üíº 
Gracias VCS por acompa√±arme siempre,‚Ä¶ https://t.co/gA0HwxZPDR"
LOVE this rain! But my phone is going nuts with all the flash flood alerts
This guy. #SolomonKellerB @ River Country Family Water Park https://t.co/QWPFSWzUo2
"@heronmusic_ | Tuscaloosa, AL (In ATL for a few days, bookings open. Let's create‚Ä¶ https://t.co/prr5nDmRid"
Cleared: Incident on #I95 SB at Delaware River/Scudder Falls Bridge
"See our latest #PaloAlto, CA #job and click to apply: Relief Pharmacy Technician I - Phar-Drugs Sold to... -‚Ä¶ https://t.co/KjwznHcHiA"
"See the line where the sky meets the sea?,
It calls me... #flashbackfriday‚Ä¶ https://t.co/Rxu298YzfZ"
"Taking in the beautiful sights, smells, and weather of Portland! #ineverpromisedyouarosegardenüåπ‚Ä¶ https://t.co/k9LIsS3rBh"
üòàüòÄ. #real #fuckfakes #fuckfakeshit #live #love #life #why #need #gardengrove #graffiti‚Ä¶ https://t.co/BvL6TAlBlU
"A 1.2 magnitude earthquake occurred 1.24mi SSE of Home Gardens, CA. Details: https://t.co/cNJBlhN7w3 Map: https://t.co/YFNXAk5XDu"
"USGS reports a M1.23 #earthquake 2km SSE of Home Gardens, CA on 6/2/17 @ 21:05:23 UTC https://t.co/4KKjTbdLEs #quake"
"""Hay personas que hacen que tu risa sea un poco m√°s fuerte, tu sonrisa un poco m√°s brillante y‚Ä¶ https://t.co/7mTjgScLEH"
"Back to the Bridge. @ Philadelphia, Pennsylvania https://t.co/QzireJyCuk"
–ü–æ—Ä—Ç—É... #–ø–æ—Ä—Ç—É–≥–∞–ª–∏—è #–ø–æ—Ä—Ç—É #–æ—Ç–ø—É—Å–∫ @ Ponte D. Luis I (Dom Luis I Bridge) https://t.co/5AWvqhmV4G
"The real reason I ever go outside. #throwback #sanfrancisco @ San Francisco, California https://t.co/5Q6KZrcxqv"
"It's that time! #working #grindhard2017 #ams #IBelieve 
@Shicur_AR alvinmays amspresident‚Ä¶ https://t.co/xZtMQrD2GV"
"Jammed in #Philadelphia on Vine St. Expwy WB between Broad St and I-76, delay of 4 mins #traffic https://t.co/BtegSRDq7m"
I recently had a good friend diagnosed with breast cancer.... so what can I do??? Design her a‚Ä¶ https://t.co/5IldOdhJdo
Our booth in #LasVegas !! @Bremont couturetimeofficial by_couture @wynnlasvegas @ Wynn Las Vegas https://t.co/6KYCkgkvqN
"#ikdairo #hits #africa #decca #mono 10"" @ Double Decker Records https://t.co/D85V1lhio6"
I'm sure there is a bridge metaphors I should use here. #library #president #clinton #bridge @‚Ä¶ https://t.co/6SVFKishG6
"I'm at Las Palomas in Jiutepec, Morelos https://t.co/d83kjIYEUD"
"#sea #beach #friday #holiday #makingmemories #family #grancanaria 
#Islascanarias #hotholiday‚Ä¶ https://t.co/I9iixwYxnP"
Haven't seen a pink bush this close in years. Happy Pride Month ü§ôüåà #lovewins #gilbertbaker @‚Ä¶ https://t.co/I9unKlBBQK
üöÄ#tgif @RichardDifred #love #inspire #riseandshine #foodoftheday #food #foodgasm‚Ä¶ https://t.co/hp2j9MJP3R
"Accident involving 18-wheeler blocking one lane in #Willis on I-45 N NB at FM 1097, stop and go traffic back to Lp 336 N, delay of 14 mins"
Un d√≠a #Viernes #Social con un sabroso #Coctel y #MariscosPalapas @ Las Palapas Restaurante de‚Ä¶ https://t.co/3JrjDtKnTT
I don't know how to dress because the weather in LA has been so weird since I've gotten here.‚Ä¶ https://t.co/krfuxTSOY0
"Can you recommend anyone for this #job in #Indianapolis, IN? https://t.co/XXCi7Z4Ah9 #cfgjobs #Banking #Hiring"
hemos ganado los cuartos de torneo fpcv en @tafalla_patri por 6:1/6:3. ahora a por las‚Ä¶ https://t.co/A8Ai2hSsPd
Enjoyed keynoting the Native Action Network's Enduring Spirit honoree lunch! I shared a message‚Ä¶ https://t.co/5BpdhkZfbX
It will be a perfect start to your weekend tonight! A great movie and delicious Italian ice!‚Ä¶ https://t.co/iYNQuzOfSY
"‚íà #NationalDonutDay
‚íâ #bbcqt
‚íä #WearOrange
‚íã Coachella
‚íå #FlashbackFriday

2017/6/2 15:59 CDT #trndnl https://t.co/IvleifByXY"
#vnzlaseplantacontraladictadura #divideyvenceras guerreros sin miedo‚Ä¶ https://t.co/cfa0KaGSDm
Last day in paradise @ Natural Bridge Aruba https://t.co/z2HWSaeddr
I'm outta here ‚úåüèº#travel @ United Club Lounge (Newark Liberty Int'l. Airport) https://t.co/8BKak4We6N
"Want to work at Altice USA? We're #hiring in #Payson, AZ! Click for details: https://t.co/NWITAggx0T #Automotive #Job #Jobs"
"Quien te mand√≥ ser alegre en un mundo sin amor. @ Astorga, Castilla‚Ä¶ https://t.co/kE2AYHzGln"
Pride! @ Nordstrom San Francisco Centre https://t.co/7xwV9EfGez
"Ay por fin! Segunda vez por ac√° üòÄ (@ Orlando International Airport - @mco in Orlando, FL) https://t.co/FenxSaiX5Z https://t.co/2GmfatdkKA"
If you're going to San Francisco... üíê #FlowersInYourHair #Friyay #ShamelessSelfie #Selfie‚Ä¶ https://t.co/cPY9fSp3dS
"You guys it's snowing. #chicago #snow #snowing #winter #latesummer #midwest #weather @ Niles,‚Ä¶ https://t.co/jkJWfFKV52"
Walked to Homestead for some ice cream because it is bloody hot here and we don't have air‚Ä¶ https://t.co/MU4AdCTpaB
"Disabled vehicle, right lane blocked in #Belfast on Rt 33 NB between Belfast and PA-512, jammed back to Belfast, delay of 11 mins #traffic"
"Can you recommend anyone for this #job in #Lafayette, LA? https://t.co/ypoc8vcXQ7 #Transportation #Hiring #CareerArc"
"New on Afrogirl Shenanigans‚Ä¶a simple reason as to why I was MIA in the blogosphere, and what my‚Ä¶ https://t.co/tqNmANAGDk"
Mago. #mago extonyfarg #miami #usa #mago #magicien @ Coral Way the Roads https://t.co/esCHEp4k5N
I dragged my jet-lagged self out of bed early this morning for an ass-kicking at the #boxing gym‚Ä¶ https://t.co/0g1We6DbRi
"Reopened in #HazelDell on I 5 SB at Interstate Brg, stopped traffic back to 501, delay of 16 mins #PDXtraffic https://t.co/cq6BNINZFe"
"En esto ando metido estos √∫ltimos d√≠as...
El lunes a las 22:00 max noticias #premiosmax #magia‚Ä¶ https://t.co/0GFGg9WU9U"
"Accident in #SwWashingtonDc on EB SE-SW Fwy EB after 9th St Tunl, jammed back to 14th St, delay of 3 mins #DCtraffic https://t.co/wIfGMovDIA"
Cool. Flight is canceled. This is good. More time in KC. #travelwoes‚Ä¶ https://t.co/SUJ9v5u8Pa
"ISIS has signed Kathy Griffin to a ONE DAY CONTRACT to entertain their troops?
#fake news"
The RSLA Pre-K class (GSRP)had so much fun at the Mad Hatter tea party today! #slsdistrict‚Ä¶ https://t.co/Nr8rE0uvls
We are looking at strong storms rolling into most of Jacksonville. Photo from the Buckman Bridge. Share your‚Ä¶ https://t.co/BE2IucZcfb
Jonathan putting in the hard work for next football season!! Learning from the best!! Clint‚Ä¶ https://t.co/4jZpGYjjR9
Cleared: Construction on #4Line Both directions from 125th Street Station to Brooklyn Bridge-City Hall Station
Tuve una CurvyPesadilla üëª se las comparto Para que est√©n CurvyAlertas gracias a mis‚Ä¶ https://t.co/HfxH0inS7o
We're #hiring! Read about our latest #job opening here: First Aid &amp; Safety Service Sales Representatives - https://t.co/WI15OKYHeg #Sales
Foto de la clausura del seminario El Impacto de las Redes Sociales en la Educaci√≥n (Felicidades‚Ä¶ https://t.co/cwj67MLY6a
"I'm at Plane Train - @atlanta_airport in Atlanta, GA https://t.co/LDpuCK2mjc"
Service Gun Bunny Wit growlers now available. https://t.co/m7QsGlKpd2 @servicebrewing #BeerMenus
A fitting monument to a water üí¶ conservationist. Outside every day! üêæüë£üòé  #Colorado #Outdoorist‚Ä¶ https://t.co/Bax5NbUFpu
Listen Sis a Long-island Ice Tea is like 5 drinks on one Don't think I'm wasting my moneyüòàüòπüòπüòπ‚Ä¶ https://t.co/Zyh6BS2KcA
A #sadday for the #usa #parisclimateagreement  #Boulder #Colorado  #prisma #prismamania‚Ä¶ https://t.co/zqnPVoxoDQ
Las Vegas painacafelv celebrating poi mochi donut day üç© #NationalDonutDay #mochifoods‚Ä¶ https://t.co/AXyEjdCUj4
quiero cuidarte toda la vida porque no se ser sin ti... una vez m√°s muchas felicidades hermana‚Ä¶ https://t.co/ouBeNpU0XE
"Accident cleared in #Eagle on I-96 WB at Grange Rd, slow traffic back to I-69 Exit 89, delay of 5 mins #traffic https://t.co/xxSCs7T9oz"
"Primer dia de playa
#usa #miami #sunnyisles #beach #sea #vacationphotos #vacaciones‚Ä¶ https://t.co/HgFiPbBwyy"
"@AlvaroUribeVel que va, si.vos quitaste las horas extras e iniciase la tercerizacion laboral, atacaste al sindicalismo y a la salud de estos"
"Accident, right lane blocked on I-271 SB at I-480, stop and go traffic back to Richmond Rd, delay of 8 mins #traffic https://t.co/IXfI2jq0g9"
Jen... Caminando en las calles de la CDMX me encontre esto @ Avenida‚Ä¶ https://t.co/o12GP2cqXn
When you ditch the plane and decide to go on an adventure instead‚Ä¶ https://t.co/7jGWlknczV
"Millionaire State of #
Mind#newwaveofrnbhiphop#vh1 üåä @ Las Olas https://t.co/GsMwz6Ehuc"
"Accident, left lane blocked in #Beaverton on OR-217 NB at Hall Blvd, stop and go traffic back to I-5, delay of 11 mins #PDXtraffic"
"La importancia de las #m√©tricas y el #seguimiento ‚ò∫Ô∏è
------------------------
Utilizo‚Ä¶ https://t.co/jZbhci1meu"
"02/06/2017 a las 20:40h UTC:
Temperatura: 22,7¬∫C; H.R.: 66%; Presi√≥n: 1012,87hpa;
Viento: 6,4Km/h ; Precipitaci√≥n hoy: 0,2mm."
"eres mi canci√≥n favorita, la que bailo sin que suene.üíñ @ AZCA https://t.co/lu7ndGVdql"
"#sunset #reflections @ Edinburgh, United Kingdom https://t.co/TMzP5KwkwP"
"French and Elegant from head to toe.
 
Men French Fashion Pop-Up Store MAN &amp; THE SEA
‚öìÔ∏èPublic‚Ä¶ https://t.co/dil1Vxy3ne"
"Accident, left lane blocked in #Dallas on 30 WB at Dolphin Rd, stop and go traffic back to Lp 12 Buckner Blvd, delay of 10 mins #DFWTraffic"
"Accident, right lane blocked in #Tracy on I 205 EB after Macarthur Dr, stop and go traffic back to Tracy Blvd, delay of 3 mins #traffic"
"2.4 magnitude #earthquake. 4 km from Spanish Springs, NV, #UnitedStates https://t.co/CbhZG1q6QY"
Where to Hike in the DFW Area in Honor of National Trail Day https://t.co/pFUtonyYOq https://t.co/jzi0alo8Ox
"Acabo de ver a caitlyn (despues de buco tiempo) en kuwtk y todavia no puedo creer que ""caitlyn"" paso!!! O sea que xopaaa bruce jennerüò™"
"Accident, right lane blocked in #IndianapolisWestSide on I 465 NB at 10th St, stop and go traffic back to Rockville Rd, delay of 4 mins"
Hello San Francisco! Is there enough FUN in your life? Become a FUNcationeer now at https://t.co/wiUWNX5TNK get 100‚Ä¶ https://t.co/ni6v5ZCsoy
#photo #photos #pic #pics #tornado #picture #pictures #snapshot #art #beautiful #instagood‚Ä¶ https://t.co/BdJnwbSceR
Just posted a photo @ BWI Thurgood Marshall Airport (BWI) https://t.co/WVM3S3ZjNs
Just posted a photo @ Delta Terminal - LaGuardia Airport https://t.co/KyljFJAQje
@hanifleylabi Like the Brexit comedown
"""This was the best last day ever. Except for Mr.Brown retiring."" Jack  They played football and‚Ä¶ https://t.co/Qjnf1INIRj"
"At Sin City 7!!! Crazy hat pool party.
#menagelife #sincity7 #swingersparty #swingerlife‚Ä¶ https://t.co/e0MiFJco1w"
"Accident cleared in #GreenwayUpperKirby on 69 SW Fwy Inbound at Spur 527, stop and go traffic back to Buffalo Speedway, delay of 7 mins"
The best Ice Maker repair in #LindaVista https://t.co/GZhqMckxmV
We went from half gallon today to just 4oz of water with each meal for rest of night.  We have‚Ä¶ https://t.co/DaPzx9bpK8
"Friday's weather at 21:36, by a cat: 16.7¬∞C Falling 81%RH Wind: 0.0m/s --- Barometer: 999.77mbar Steady Rain: 0.0mm"
Trend Alert: 'Zach Watson'. More trends at https://t.co/IvleifByXY #trndnl https://t.co/GDQZWzMEzE
465 users and 561 tweets (447 RTs) in 1 week made 'Zach Watson' a Trending Topic in United States. #trndnl
"Lot of great free events to get ur shaved ice this weekend! üì∑: @hilstrt4 
‚Ä¢ SAT 10-8 at‚Ä¶ https://t.co/Q6IqTUWZm8"
Me and the Holy Spirit @ The Salvation Army Atlanta Temple Corps https://t.co/Q7JrFUpzL9
Let your passion do the talking @ Putney Bridge https://t.co/kpfMyk44I6
Where to Hike in the DFW Area in Honor of National Trail Day https://t.co/TtEbH58gbO https://t.co/OxGlnU2RCA
Incident on #I95 SB at Delaware River/Scudder Falls Bridge https://t.co/iWSLUzr0cL
"Enamorate de cada detalle que caracteriza las habitaciones de lacasonadetete 
Deja que tu mente‚Ä¶ https://t.co/uaej2HLWgz"
Doesn't get much better on the water than this #nofilter #lochness #scotland #thewebbfiles @‚Ä¶ https://t.co/ZQrZV1IiRQ
Going Home Now @ Delta Terminal - Sarasota-Bradenton International‚Ä¶ https://t.co/eEjPw3KmIU
I'm at Las Hamburguesas Al Carbon De Polen https://t.co/KAKJzgyYpP
"#instagram #follow #followmylink #follow4follow #followme @ Tollcross, Glasgow City, United Kingdom https://t.co/GXa86wG2nl"
"Eating beans and cornbread. (@ Clifton's West Side Cafe in Lebanon, MO) https://t.co/6p0iYpvY8N https://t.co/AASe6XDu3X"
@PartidoCOPEI_ en #Anzoategui Invita a la Marcha de las Ollas vacias #03Jun #ptolacruz A la calle! @unidadvenezuela https://t.co/Mwfv3eSLn0
"STOP LOOK APPRECIATE ‚ù§Ô∏è @ Glasgow, United Kingdom https://t.co/LcvObc7vuR"
#thabreakdown youtube #comingsoon #bookDJAlex @ East Coast USA https://t.co/GpE6qZXdF8
When you got that summer vibe even though the weather forecast is‚Ä¶ https://t.co/N8AFghXDVB
"Accident cleared in #Eastside on 610 E Lp SB at Turning Basin Dr., stop and go traffic back to The I-10 Baytown E Fwy, delay of 6 mins"
"See our latest #Indianapolis, IN #job and click to apply: ERP Project Manager - https://t.co/kasKyDh3Tp #ProjectMgmt #Hiring"
Loving London as it's just getting dark. #london @ Tower Bridge https://t.co/FWjCLvClbQ
"San Francisco, is there enough FUN in your life? FUNcation! Because 925 is boring &amp; 420 is too much!‚Ä¶ https://t.co/gFn6ItnOR8"
Woohoooo ya girl is graduating tomorrow! Come lei me at 7pm on the 'Iolani Football fieldüå∏ I‚Ä¶ https://t.co/1lopNWmLyW
"Pantego, Arlington to Conduct Targeted Ground Spraying for West Nile Virus June 5-6 https://t.co/PyPqDmSxKF"
"De las cosas m√°s bonitas del mundo es cuando toman tu mano, te dan besos en la mejilla y te hacen sentir que realmente vale ese instante."
She is fierce üåãüí™üèºüòé #lavaflow #volcano #thebigisland #hawaii #nature #kilaueavolcano‚Ä¶ https://t.co/HijtUq3gBb
Ya est√°n las #bicicletas cargadas en el remolque para la #indomable2017. Ahora a dormir un poco‚Ä¶ https://t.co/MzAqpC9wj5
"Interested in a #job in #Indianapolis, Indiana? This could be a great fit: https://t.co/3QIwcgbZXZ #HealthWelfare #Hiring"
"üá∫üá∏
I typically enjoy a beautiful beach destination, as I find the water and sand to be the most‚Ä¶ https://t.co/7Yrw3QXi4a"
"Thank you Billy, the most excellent host of The Morning Disaster, and XRock 105.3 FM for sharing‚Ä¶ https://t.co/dqoXp9jkBg"
Drinking a Haterade by @8thWonderBrew @ Growler USA - Katy  ‚Äî https://t.co/fz6QQtpSmF #photo
"#OutThereOnFriedMeatRidgeRoad Simply ADORED that @AlexKFerns yet again, had a gun üî´ in his hand‚Ä¶ https://t.co/0YLDhVgBTZ"
"""Por qu√© Madrid es una de las mejores ciudades para vivir del mundo"" https://t.co/QRGNUHw8rk v√≠a @expansioncom #vivirenespa√±a"
"Fabrication of Water Turbine 
.
.
.
.
.
.
.
.
#machineshop #engineering #metalfabrication @‚Ä¶ https://t.co/KgO0ZXDSWq"
"Accident. right shoulder blocked in #Bexar on Lp 1604 WB at Hausman, stop and go traffic back to Babcock, delay of 4 mins #traffic"
Becuase they have to pay for the mess when that hurricane is just a little stronger or that drought is just a littl‚Ä¶ https://t.co/JYLDmt6XiS
can tick gettin hit by a flare off me gig bucket list @ Sheffield Arena - Don Valley Stadium https://t.co/7NYznWbe6Y
"Already to play in the water with her sis sis. @ Lake Saint Louis,‚Ä¶ https://t.co/ukvlrovPNc"
Dinner in Senegal at the Baobab Center. #westafrica #africa #travel #senegal #everydayafrica‚Ä¶ https://t.co/BRjBreiGfN
"Join the ResourceMFG team! See our latest #job opening here: https://t.co/YSTPG7HAOA #Lafayette, IN #Hiring #CareerArc"
"It‚Äôs time to kick-off our anniversary weekend!

Today we‚Äôll be hosting our Golden Ticket‚Ä¶ https://t.co/xyFzwguSEL"
"ü§£ü§£üò≠ü§£üëÅüôà @ Guadalajara, Jalisco https://t.co/dqvVPoEZ4y"
"Just posted a photo @ London, United Kingdom https://t.co/OQziuDdSiU"
"Jammed on Vine St. Expwy WB between Ben Franklin Pkwy and I-76, delay of 2 mins #traffic https://t.co/BtegSRDq7m"
Ito Bison√≥ sobre el C√≥digo Penal: Aprobar las tres causales ser√≠a inconstitucional https://t.co/kdNCCI0bb6 #acentodiario
"See our latest #Lafayette, IN #job and click to apply: Plant Quality Manager - https://t.co/tBTb2ugSkk #Automotive #Hiring #CareerArc"
"Can you recommend anyone for this #job in #Indianapolis, IN? https://t.co/nOQ8UxmcOM #Transportation #Hiring #CareerArc"
"second trip to Africa over, will definitely miss itüá®üáªüíõ @ Meli√° Tortuga Beach Resort &amp; Spa https://t.co/fxRqseRCH4"
"1,996 users and 2,874 tweets (2363 RTs) in 43 minutes made #ihaveselfiesforcamila a Trending Topic in United Kingdom. #trndnl"
Hail and rain in Rio Rancho. Crazy storm! #NewMexico #Albuquerque #RioRancho #NMWX #Weather @‚Ä¶ https://t.co/pmBAv4mpzy
#buenastardes #seguidores #PhoneMundial @ San Francisco de Macor√≠s https://t.co/B8ofclTmUM
"@AEEONLINE sin luz como todos los d√≠as Estancias de torrimar en guaynabo servicio al cliente no funciona, por Internet tampoco servicio malo"
"üçï Amo las pizzas üçï (at @LucernaComedor in Colonia Ju√°rez, Distrito Federal) https://t.co/Z43UaGqZYs https://t.co/xoyg01Tl06"
The high water makes for some beautiful reflective landscapes üá®üá¶#hellobc #kelownanow‚Ä¶ https://t.co/NnujJ9M5A8
"Bout to tear this city up they ain't ready for me #bdayboy #superruger #getlikep @ Las Vegas,‚Ä¶ https://t.co/NkM7klE6Fo"
"San Francisco, #ff Follow @FUNcationNation We do Free Drone Giveaway every #FUNcationFriday , https://t.co/XVjq1aefQj"
"Olivia Pope's newest associates! ;) @ Washington, District of Columbia https://t.co/nRiJu93JHE"
my first time trying hot pot! @ Boiling Point USA https://t.co/98KKhLnD5A
"Accident, left lane blocked in #Beaverton on OR-217 NB at Hall Blvd, stop and go traffic back to OR-99, delay of 8 mins #PDXtraffic"
"We just saved a customer over a $5,000.00 purchase by repairing their ice machine! Call our‚Ä¶ https://t.co/YKpj0H8qyG"
"extremely dry, flavor profile drops out the bottom of your mouth, tastes a bit l... (Taras Boulba) https://t.co/xhcPlIzvPl"
"Multi-vehicle accident, in #Jefferson on Red Mtn. Expwy NB at University Blvd, stop and go traffic back to Highland Ave, delay of 2 mins"
"Want to work in #Indianapolis, IN? View our latest opening: https://t.co/NWy1cw0LAg #KellyJobs #KellyServices #Pharmaceutical #Job #Jobs"
We're #hiring! Read about our latest #job opening here: Lead Maintenance Technician - https://t.co/XCR1iMNG6s #FacilitiesMgmt
Team Spirit Poster Contest Night! #funnestsport #makeswimmacgreatagain @ Mecklenburg County‚Ä¶ https://t.co/393hCbyKiS
Where to Hike in the DFW Area in Honor of National Trail Day https://t.co/OMgAYps4sd https://t.co/nQZu3wMoCd
"Disabled vehicle, left lane blocked in #Cobb on I-285 SB at Paces Ferry Rd, stop and go traffic back to Riverside Dr, delay of 16 mins"
Today's Anti-Violence march @thenewschmid was something I just could not miss.  Last year I‚Ä¶ https://t.co/9B8ps9Yni0
"Genial charla de Yolanda Corral @yocomu con @bylinedu @lasnaves  #ciberseguridad @ ""Las Naves""‚Ä¶ https://t.co/deWAaWaJja"
"Accident blocking traffic in #Douglas on C-470 EB approaching Broadway, stopped traffic back to Santa FE Dr, delay of 19 mins #COtraffic"
"Muy fan de las hostias como panes que @_ju1_ les da a los ""liberales"" hijos de pap√°. Ni Chuck nuestro se√±or."
"Accident cleared in #Dallas on 30 WB at Dolphin Rd, stop and go traffic back to Lp 12 Buckner Blvd, delay of 10 mins #DFWTraffic"
So what does Russia have on our Congress and Senate Republicans? Why aren't they outraged? Why does Sessions still have a job &amp; Kushner?
"Can you recommend anyone for this #job? Maintenance Technician - $1,000 Sign on Bonus - https://t.co/3gRYDPrJM3 #nowhiring #FacilitiesMgmt"
My best fiend is better than yours ü§∑‚Äç‚ôÄÔ∏èü§∑‚Äç‚ôÄÔ∏è‚ù§Ô∏è @ Las Vegas Strip https://t.co/eODimDEGcq
"At @carmelvranch, you have #fun with your #food! Many of the üçìüçä&amp; ü•íü•ïare grown on the #ranch at‚Ä¶ https://t.co/HeyoUNz4xv"
Ummmmm @trueloveshow1 hoy es viernes y mi mente ya lo tiene muy grabado...habra video hoy?? Las extra√±o...
"We're #hiring! Click to apply: Hair Stylist - https://t.co/MAjGKWIuKL #Cosmetology #Indianapolis, IN #Job #Jobs #CareerArc"
"Weather now: thunderstorm, 80¬∞F, 13 mph east wind. https://t.co/42UnuPfNIf"
So today we had a chef from Mastros roll into work and create a Sea Food Tower. PS we are hiring‚Ä¶ https://t.co/0Ufo9lSmHi
"London with it's S in sun. @ London, United Kingdom https://t.co/BWRgfMOSCZ"
"Accident cleared in #Charleston on I 26 EB at I-526, slow traffic back to Ashley Phosphate Rd, delay of 4 mins #traffic"
"Accident, left lane blocked in #EllicottCity on US 29 NB at I-70, stop and go traffic back to Shaker Dr, delay of 26 mins #traffic"
"Jammed in #Philadelphia on I-95 NB between Allegheny Ave and Brg St, disabled vehicle, right lane blocked at Brg St, delay of 8 mins"
A ground stop is in place at #LGA due to WEATHER / THUNDERSTORMS #flightdelay https://t.co/Hgp2TF6AIv
"Can you recommend anyone for this #job in #Indianapolis, IN? https://t.co/jIfe8gML4e #Sales #Hiring #CareerArc"
"Tai Chi Yoga by the sea üíô @ Salt Hill, Galway, Ireland https://t.co/ySA60obAZt"
"If you're looking for work in #Indianapolis, IN, check out this #job: https://t.co/1PRBjQfH6B #internship #Hiring #CareerArc"
"Who else could get pumped for for a FREE Unlimited Private Jet Program! ‚úàÔ∏è

World Global Network‚Ä¶ https://t.co/LR0AUpBReA"
üïäA weekend away by the sea ... plenty of time to try out new designs‚Ä¶ https://t.co/383pHbuGwE
"I'm at De Enyesque in Las Palmas de Gran Canaria, Las Palmas https://t.co/uWxwsQt6Cn"
Where to Hike in the DFW Area in Honor of National Trail Day https://t.co/rwv9y8WZIR https://t.co/p3lJa2OvyX
One visitor today really got into the spirit of the place. @ Spotify https://t.co/TWEumlh4Q9
I went to Scooper Bowl and ate as much unlimited ice cream as my poor lactose-intolerant stomach‚Ä¶ https://t.co/6AqG8Q7QdC
"We're #hiring! Read about our latest #job opening here: Maintenance Person - https://t.co/eYppiTO1ho #Hospitality #DeKalb, IL #CareerArc"
"current weather in Birmingham: shower rain, 15¬∞C
100% humidity, wind 2kmh, pressure 1015mb"
Cancel your after-church plans this Sunday and join Pastor Abdy and some DV leaders after the‚Ä¶ https://t.co/OPcnqYsM5g
"üéíü§ôüèΩüåäüòé @ San Francisco, California https://t.co/0THAz4A9Dz"
"Picking up sea glass and Canadian cell towers. @ Eastport, Maine https://t.co/Ycr8TBQdsJ"
#49Portraits @Paige__Michaela City Hall is gorgeous. 12 of its artists from across the USA‚Ä¶ https://t.co/P1YgccxwkX
A wild Flareon appeared! It will be 335 meters from The Gateway until 3:47 PM.  #PokemonGO #Monocle #SLC‚Ä¶ https://t.co/LZJabys9Ey
Rizzo' just started trending with 13136 tweets. More trends at https://t.co/IvleifByXY #trndnl
"‚íç #EatThisShow
‚íé Dennis Pitta
‚íè Wade Davis
‚íê Sandusky
‚íë Leo Varadkar

2017/6/2 16:14 CDT #trndnl https://t.co/IvleifByXY"
Drinking a Fair Weather Friend by @asylumbrewing @ Asylum Brewing ‚Äî https://t.co/Q2PLW1fJZp
Austin family fun on the water with the uncle and mi madre @ Hula Hut https://t.co/6SIcX7XocD
"Tomorrow is Game Day!!
A Night at the Match Honoring Cancer Survivors 
WEAR GOLD TO SUPPORT‚Ä¶ https://t.co/FvuBfV6DRV"
"Worcester Academy athletic prodigies killing it today!!! ""Cgx Worc Academy junior Mia Conte 200m‚Ä¶ https://t.co/zIGN8NopvH"
When you are stood in the sea catching regional Pokemon on several devices! #selfie #sea‚Ä¶ https://t.co/xYwhRc4gOc
The Big Daddy is my favorite one. üçß @ Local Boys Shave Ice- Kihei https://t.co/gEQaFiWzPP
"La de Hoy #02jun

Pues es verdad! Me llevar√© s√≥lo las cosas que he vivido! 

Bienvenido mundo‚Ä¶ https://t.co/xu40ks5zfR"
"Dipped my #stumps in the water, since I'm all out off feet...üòÇ
#river #optoutside #bidwell‚Ä¶ https://t.co/XrwqPCZgbs"
We're #hiring! Read about our latest #job opening here: Intentional Warm Line Specialist Relief - https://t.co/jBnM7ZojnM #Healthcare
"If you're looking for work in #Lafayette, LA, check out this #job: https://t.co/Tp1CGIVUjc #SONIC #Hospitality #Hiring #CareerArc"
Shooting up high in the sky | #reddigitalcinema #chicago #chitown #willistower #searstower‚Ä¶ https://t.co/xPcuBXV38M
"samosa chaat (day 7 of ramadan )
 #samosachart #samosas #chart #Iremkhan1 #food #foodporn‚Ä¶ https://t.co/O7mPuOJ8nG"
"Can you recommend anyone for this #job in #Fairfield, CA? https://t.co/2HNflEXREH #Healthcare #Medical #Hiring #CareerArc"
"Happiness is drawing a TSA PreCheck on both legs of the trip.
#homewardbound @ BWI Thurgood‚Ä¶ https://t.co/3HBvHeKOaf"
We're #hiring! Read about our latest #job opening here: Unit Clerk/Monitor Technician ICU - https://t.co/3e1UEpKb99 #Healthcare #Medical
"Join the United Rentals team! See our latest #job opening here: https://t.co/9X1qokLg4A #Sales #FortMcMurray, AB #Veterans #Hiring"
#lululemon 10k run #pacers #appreciate dinner #catering #gourmet #torontolife #food #instagram‚Ä¶ https://t.co/aZWKetf1C9
Mirar a mis mejores amigas y pensar : QUE HAR√çA YO SIN ESTAS LOCAS !!! lizcoreno‚Ä¶ https://t.co/nskLsj85Vx
*FODMAP Challenge - Lactose* 1/4 cup ice cream made without high fructose corn syrup. I love‚Ä¶ https://t.co/WTAfo0aqK3
"#USGS08048800 - Big Fossil Ck at Haltom City, TX 
Violent Rain (2.04 in/hr) over the last 15 minutes 
https://t.co/MU2K98js4u"
"Accident in #Farmington on I 84 EB at Exit 39a Rt 9, stopped traffic back to Exit 39 Rt 4, delay of 7 mins #traffic https://t.co/y640I1BacG"
"Incident cleared in #Jefferson on Red Mtn. Expwy NB at University Blvd, slow traffic back to Highland Ave, delay of 1 min #traffic"
"So close (@ George Bush Intercontinental Airport in Houston, TX) https://t.co/yAFunGXaMz"
"See our latest #Yuma, AZ #job and click to apply: Maintenance Manager - https://t.co/SXVxvhxB3D #FacilitiesMgmt #Hiring"
"Ari at a hospital in Manchester ‚ú®üíï‚ú® @ Manchester, United Kingdom https://t.co/sWmKev01Rf"
https://t.co/dQ2puS8LNe
"Accident cleared in #Milton on Coastal Hwy SB between DE-16 and Nassau Rd, jammed back to DE-16, delay of 18 mins #traffic"
"I'm at Mariscos El Chalaman in San Pedro Tlaquepaque, Jalisco w/ @erilovgen https://t.co/cGUjLwjgCs https://t.co/P6EV9chPW3"
"Write a caption... @ Miami South Beach, Florida USA https://t.co/NAd1Cg3dIn"
El sombrerero loco es mi mejor friend üêô @ El Pa√≠s de las Maravillas https://t.co/ww874SFbXz
Sun -clouds -rain and now this pretty sky #gettingdizzy #clouds #weather #globalwarning‚Ä¶ https://t.co/181mpWDCXa
"#howfarillgo!! Pt 2üòÇüòÇ @ Coventry, United Kingdom https://t.co/cev4si5x8U"
"Jammed in #Philadelphia on 76 EB between Penrose Ave and I-295 SB, delay of 25 mins #traffic https://t.co/BtegSRDq7m"
"Accident, left lane blocked in #Norcross on I-85 NB at Indian Trail Rd, stop and go traffic back to Shallowford Rd, delay of 21 mins"
Hello Golden Gate üòä #sanfrancisco @ Golden Gate Bridge https://t.co/YgVAh3Kz2c
"Jammed in #Philadelphia on I-95 NB between Allegheny Ave and Brg St, incident cleared at Brg St, delay of 8 mins #traffic"
"ah, the lake life.üö§üòäüíï @ Saluda Lake Landing https://t.co/ugJFOw1WEH"
Life is awesome at the seaüòÇüòÇüòÇüòÇüòòüòçüòçüòçüòçüòç @ Port of Miami - Carnival Victory https://t.co/iy1qMbyGIH
"Accident in #FranklinTwp on I-287 SB approaching X10, stop and go traffic back to X17, delay of 20 mins #traffic https://t.co/cLJ9IKJQWV"
"This #job might be a great fit for you: Salesperson - https://t.co/cNRF8Fv07J #Automotive #Lebanon, TN #Hiring #CareerArc"
"Accident in #Middlesex on I-287 SB approaching X4, stop and go traffic back to X8, delay of 11 mins #traffic https://t.co/cLJ9IKJQWV"
"Finally got to see what all the fuss was about, @museumicecream @ MUSEUM OF ICE CREAM https://t.co/QBMcwriB8X"
"#Magnolia #FrenchmansCreek #HelfordRiver #Cornwall @ Helford, Cornwall, United Kingdom https://t.co/lEVoueP6wm"
Police have blocked the right lane due to high water in #FortWorth on N Lp 820 WB at Mark IV Pky #DFWTraffic https://t.co/4NzBpqfsmZ
"See our latest #Webberville, MI #job and click to apply: Maintenance Technician - https://t.co/6dmxTYJ2w4 #FacilitiesMgmt #Hiring"
"Accident. left two lanes blocked in #Fishers on I 69 NB at State Rd 37, stop and go traffic back to 96th St, delay of 5 mins #traffic"
"Jammed in #S.Philadelphia on I-95 SB from Walt Whitman Brg to Island Ave, delay of 12 mins #traffic https://t.co/BtegSRDq7m"
@jp_buba haciendo de las suyas en 120 excusas @serbia_mx circuitoindiomx @losdaniels @ Maybach‚Ä¶ https://t.co/vj3mhILcyq
"USGS reports a M2 #earthquake 122km N of Ruby, Alaska on 6/2/17 @ 21:13:52 UTC https://t.co/dcziMmqcvz #quake"