Ich starte heute den Juni in der @umBAUbar mit der Mashup Manufaktur &amp; in den kommenden Wochenâ€¦ https://t.co/4Ad6OkgqWg
"Main Draw #boys #womens #moscow3star #fivb #worldtour #beachvolleyball @ Moscow, Russia https://t.co/4snlp5Vhoz"
I can't even express how happy I was that this one made it into the water today. So much betterâ€¦ https://t.co/uH7vNHdM7P
We are spirits clad in veils. #flight #intheair #quote Powered by @enamulhoque #enamul.co.uk @â€¦ https://t.co/3V7QMyCOiw
"current weather in Oslo: broken clouds, 9Â°C
69% humidity, wind 1kmh, pressure 1001mb"
Leeds was the city of United Kingdom with more Trends on Thursday 1: https://t.co/7IY9yV7WTA #trndnl
Temp: 15.7Â°C Wind: 0.7mph Pressure: 1018.6hpa Falling slowly Rain Today: 0.0mm.  Forecast: Fine weather
#vincenzogiacchino #food #pomodorini #padella #sicily #videooftheday #redâ€¦ https://t.co/84j0p6PqpO
"Ä°ftar at new location in Fra (@ Medina - Steaks&amp;More in Frankfurt, Hessen) https://t.co/yw1zrmCupM"
Drinking a Trappistes Rochefort 8 by Abbaye Notre-Dame de Saint-Rmy @ Dirk van den Broek â€” https://t.co/g24HbGuLRJ #photo
ÎœÎ±Ï„Ï‚ ÎœÎ¿Ï…Ï„Ï‚ ğŸ˜˜ğŸ˜˜ğŸ˜˜ @ Sin mens CLUB https://t.co/XCqV9E17uj
â­ï¸â­ï¸Ã‡EKÄ°LÄ°Å YOK KURA YOK â­ï¸â­ï¸SAYFASINDA BU Ä°LANI PAYLAÅAN HERKESE boutique la miel denâ€¦ https://t.co/OouhLZBNNL
"I'm at Yemen Kahvesi in KarabÃ¼k 100.yÄ±l, KarabÃ¼k https://t.co/qayCvUCPis"
Had an absolute blast in my first ever Open Water race atâ€¦ https://t.co/Chi36mXF3s
"The tweet with the most impact of the #onlyin9ja Trend, was published by @badgalmaddie_: https://t.co/uWlSKq7QER (107 RTs) #trndnl"
When Friday football isn't on what happens... You have a gym workoutâ€¦ https://t.co/8ZO6uoNH4C
"I'm at Pick yo - sea view in AbÅ« á¸¨ulayfah, Al Aá¸©madÄ« https://t.co/9WGpGJvksD"
"å¤©ç©ºã«ã„ã‚‹ã€‚æ˜ŸãŒåŸæ±å³°
#shodoshima 
#oliveyh 
#oliveyh_mp 
#sea 
#mountain 
#å°è±†å³¶ã§ã™ã€‚ @ å¯’éœæ¸“ https://t.co/q11Z2kkkz9"
MaÃ§ var dediler geldik (@ OLEA Football Park HalÄ± Saha Tesisleri in Denizli) https://t.co/tcsmEZH9Z8
"KÃ¶prÃ¼den Ã¶nceki son Ã§Ä±kÄ±ÅŸâœŒğŸ¼ (@ BÃ¼yÃ¼k Ä°stanbul OtogarÄ± in BayrampaÅŸa, Istanbul) https://t.co/Awfw1jQlDP"
"I'm gonna pass the fuck out on this 10 hour plane to Alaska..
Been awake for 34 hrs! Can we board this metal thing already.."
Nieuws: Inpassingsplan Uiterwaarden Zwarte Water en Vecht ter inzage https://t.co/OZrJBCW1VA
"Evening walk over SPt @ Saint Petersburg, Russia https://t.co/xvT8rRT6i5"
"Ğ•Ñ‰Ñ‘ Ñ‡ÑƒÑ‚ÑŒ-Ñ‡ÑƒÑ‚ÑŒ ""Ñ‚Ñ€Ğ¾Ğ¿Ğ¸Ñ‡ĞµÑĞºĞ¾Ğ¹"" ĞšĞ°Ğ·Ğ°Ğ½Ğ¸ 
âœ¨ğŸŒ´âœ¨ğŸŒ 
. 
30.05.2017 Kazan, Russia
#stasich116 #natgeoruâ€¦ https://t.co/j5cJdO3CEa"
Feestje #guus #zomerspektakel @ Alphen aan den Rijn https://t.co/DfEMKMPCVY
Too many memories ğŸ˜‚ (@ Ice Land Mall in Jeddah) https://t.co/xWnhL0gzzx
ğŸ† @chelseafc âš½ï¸ğŸ”µâšªï¸ #football #stamfordbridge #retirada #londonâ€¦ https://t.co/IytTrGypmN
"DE â€” Ein Glas Wein kann SchÃ¤den durch Zigaretten deutlich reduzieren -Â Im Wein liegt die Wahrheit, lautet ein altesâ€¦ https://t.co/uhKjJR0d2S"
"Water scarcity threatens 3,800 IDPs from Cameroon â€“ Oxfam https://t.co/ZsJxINltRo"
Night out #drinks #friends #mydubai #DXB #Downtown #dubai (at @Kanpai_dubai) https://t.co/4DBG3usQ7r
"â’ˆ Manchester United
â’‰ #TelAviv
â’Š West Bank
â’‹ Cristiano Ronaldo
â’Œ #WonderWoman

2017/6/2 23:14 IDT #trndnl https://t.co/Fx5RhnJKes"
"#Nike sorry ğŸ˜ @ Zheleznogorsk, Kurskaya Oblast', Russia https://t.co/Dt1mm6DLp9"
"view#top#32
floor#big#window#project#international#bahrainğŸ‡§ğŸ‡­#bin#faqhee#white#paper#media#directoâ€¦ https://t.co/frhA5BOQ98"
I'm at Kuwait Cancer Control Centre https://t.co/AbXSP6WFxh
#Icebar #Amsterdam @ The Ice Bar Amsterdam https://t.co/rnAaPDERkt
Insalata di pollo. #chicken #salad #chickensalad #insalata #pollo #chickenlover #food #foodpornâ€¦ https://t.co/fFJSEgrqhf
#atmospheric morning on #lakeinle #myanmar Burma photography tours with allpointseastâ€¦ https://t.co/8SN7P3o4uA
Protest as the meat of politics -the stupendously spun Street Hassle by #louisbenassi - weightyâ€¦ https://t.co/mrAykqXbTE
https://t.co/B9Irt9lhvt Temp: 16.1Â°C Wind:0.0mph Pressure: 1017.0mb Falling slowly Rain Today 8.7mm Hum 83% Fc: Fine weather
Heacham Weather:Temp=17.1C &amp; is Falling.Low=15.1C &amp; high=27.3C.Pressure=1015.1mb &amp; is Falling.Wind=0.0mph SW &amp; gust 4.5mph.Rain today=1.2mm.
"current weather in Matsuyama: few clouds, 14Â°C
71% humidity, wind 3kmh, pressure 1007mb"
"@Conservatives @BorisJohnson If the Tories win, Boris and Davies will be in charge of Brexit?"
GenÃ§ler buradaki imam teravihi jet hÄ±zÄ±nda kÄ±ldÄ±rÄ±yor benden sÃ¶ylemesi ğŸ˜‚ â¡ï¸ yer: emek kÃ¶ÅŸe camii
"Ø¨ÙÙ„ÙŠØª Ø¨Ùƒ ÙˆØ§Ù†ØªÙ‡Ù‰ Ø£Ù…Ø±ÙÙŠ Ø›
ÙÙ…Ù‘Ø§ Ø£Ù†Øª Ø¥Ù„Ø§ Ø£Ù„Ø°Ù‘ Ø¨Ù„Ø§Ø¡ ØŒ
#Ù‚Ù‡ÙˆØªÙŠ ğŸ˜ @ Mega mall,sharjah United Arabâ€¦ https://t.co/Oy1YymuhI7"
Map of the testimonies received so far following the #earthquake M3.4 in Switzerland 44 min ago https://t.co/lcKw6J7nHe
Flight club ğŸ¯ @ Flight Club Shoreditch https://t.co/lJuWqRFMug
It's all go in BoS #bermondsey #londonğŸ‡¬ğŸ‡§ @ Tower Bridge https://t.co/MWBXrqEUmv
From Russia with love #travel on business and bring #sleepfuel along the way. #saintpetersburgâ€¦ https://t.co/9ZhSlhh2GV
"#Ğ·Ğ°Ğ³Ğ°Ğ´Ğ°ĞµĞ¼Ğ¶ĞµĞ»Ğ°Ğ½Ğ¸Ğµ ğŸ’­Ğ¸ #Ğ·Ğ°Ğ´ÑƒĞµĞ¼ÑĞ²ĞµÑ‡Ğ¸ ğŸŒ¬ğŸ‚ğŸ¦„#Ğ¼ĞµÑ‡Ñ‚Ñ‹Ğ¾Ğ±ÑĞ·Ğ°Ñ‚ĞµĞ»ÑŒĞ½Ğ¾ÑĞ±ÑƒĞ´ÑƒÑ‚ÑÑ ğŸ™ğŸ™ˆğŸ˜» @ Solntsevo, Moskva, Russia https://t.co/tclXTMJME9"
"Wen u smile ugliness can never be ur friend... @ Abu Dhabi,Uhited Arab Emirates https://t.co/nqyCHjI5XK"
"Ã‡ocukluÄŸumda dedemle Sirkeci'den BalÄ±k EkmekÃ§ilere gidip palamut yerdik. Ekmek tazeydi, bolâ€¦ https://t.co/Ka548QdZjx"
Das haut den stÃ¤rksten Paul um. ğŸ‘ğŸ¼ - Drinking an elbPaul Doppelbock @ Kiel - https://t.co/Hz77eVuxCQ #photo
"w/sinem,selman,selim,Ã¶mer (@ Yemen Kahvesi in BartÄ±n w/ @muzeyyentopuzz) https://t.co/p0FSd05AaJ https://t.co/X9OoKB7A0I"
Ice cream break ğŸ¦ğŸ§ Happy 1st of June ğŸ˜ƒğŸ½ #ccmbuddies #elaitph #happinessinacup @ Elait https://t.co/HFa3pnxmfQ
"â’ Kenyans
â’ Manchester United
â’ Syokimau
â’ Juventus
â’‘ Lamu

2017/6/2 07:32 EAT #trndnl https://t.co/6AyDQDZQ89"
"ğŸš‚ #IC2105 BRUXELLES-MIDI (Belgium)-LUX
Arrival 8:51
has a short delay
#CFL50"
"current weather in Pontianak: broken clouds, 28Â°C
78% humidity, wind 4kmh, pressure 1012mb"
Cool for the summer ğŸ’‹ğŸŒŠğŸ™‹ğŸ¼#lastminutesummerğŸŒğŸ‘™ @ Midori Ice-Cold Resort https://t.co/Nub3vajCUl
Sting - 57th &amp; 9th Tour #MÃ¼nchen #Sting #Tour #Pakete #Early #Entry #PackageSting #Ticket #PackagePresented #Live https://t.co/j1UBrZbma2
"Idly 

#food #foodie #idli #foodporn #foodpic #eat @ Mr and Mrs Idly Wakad https://t.co/93cqJY6eMG"
"current weather in Algiers: few clouds, 19Â°C
93% humidity, wind 3kmh, pressure 1016mb"
#Intercity 1174 (V 22:08 van Den Haag HS) naar Den Haag Centraal is 5 minuten vertraagd.
"ã€05:00æ™‚ç‚¹ 16.1â„ƒ 57ï¼…ã€‘
16.3~14.4â„ƒ
ï¼ç¦å³¶çœŒç¦å³¶å¸‚ #fukushima #ç¦å³¶ https://t.co/RPf7QlnBmD"
Japanese Football Association ğŸ‡¯ğŸ‡µ @ æ±äº¬ãƒ‰ãƒ¼ãƒ  https://t.co/sKy7ZKj2w4
"I'm at Yemen Kahvesi in KarabÃ¼k 100.yÄ±l, KarabÃ¼k https://t.co/KSFL6pgkFF"
I'm at EntrepÃ´t Lafayette in Oostende https://t.co/O232rnXEt0
"#17805
Chuvashia Republic, Russia, 429540
map: https://t.co/FGIN7WyQj3 https://t.co/FApsQYVnUw"
"Heybridge Weather 02/06/17 at 21:04 Temp 16.5C, 24hr rain 3.9mm, Pressure 1017.7mb, WindW 0.0mph"
I had pushed a friend to get a Rolex then the DJ played Bazokizo and I ran mad!!! @collinsmajale #TheFusion @bygtimUG
#Intercity 1116 (V 7:38 van Den Haag HS) naar Den Haag Centraal rijdt vandaag niet. #fail Geld terug? Zie https://t.co/wQfqoWuNi2
#Intercity 1116 (V 7:18 van Rotterdam) naar Den Haag Centraal rijdt vandaag niet. #fail Geld terug? Zie https://t.co/wQfqoWuNi2
GLI EFFETTI DI OCCIDENTALI'S KARMA SU MIA MADRE | Matt &amp; Bise https://t.co/k2L1oXXocd
"Limestone sea-stacks! Or ""rauks"" as the locals call 'em. ğŸ‡¸ğŸ‡ªğŸ #gotland #fÃ¥rÃ¶ #sweden #rauk @ FÃ¥rÃ¶â€¦ https://t.co/XsVMtXbCxf"
"I'm at Mali's Corner in Setapak, Kuala Lumpur https://t.co/Dhps9lgpqr"
"current weather in Goteborg: overcast clouds, 12Â°C
66% humidity, wind 1kmh, pressure 1018mb"
HazÄ±rlÄ±klar baÅŸlasÄ±n.ğŸğŸğŸ yarÄ±n ÅŸampiyonluÄŸu kutlayacaÄŸÄ±z. â­ï¸â­ï¸ğŸŒŸ#ÅampiyonBeÅŸiktaÅŸ #BeÅŸiktaÅŸÄ±nMaÃ§Ä±Var https://t.co/AMOW8DuWxR
#peschici #gargano #sea #blue #cinemagargano @Daniela_sun @igersfoggia volgofoggia_â€¦ https://t.co/8p5iBUVdJr
"Where is your next adventure?
#palmbeachtravel #luxurytravel #beach #mountains #europe #africaâ€¦ https://t.co/vGxBoOcm9b"
"A 5.1 magnitude earthquake occurred in Ryukyu Islands, Japan. Details: https://t.co/v4mAwFzrKa Map: https://t.co/mBcRvBUaMZ"
"Ğ•Ñ‰Ğµ Ğ½Ğµ Ğ¼Ğ½Ğ¾Ğ³Ğ¾ #atdanceshow ğŸ”¥
â€¢
â€¢
â€¢
#hollymolly #missworld #hollabackgirl #ÑÑ‚Ğ°Ñ @ Engels, Russia https://t.co/0EEKGxd6eq"
"Wetzlar Old Bridge 1288

#wetzlar #germany #leica @ Wetzlar, Germany https://t.co/1wpGMTZ8sC"
Indias got talent grand finale #hunarhipehchanhaiğŸ‘ğŸ‘ğŸ‘ğŸ‘ #shootingâ€¦ https://t.co/w0QSF6bUyO
"#TB to my birthday, missing this beautiful city ğŸ˜© #Rome #Italy #piazzasanpietro #Vatican â¤ï¸ @â€¦ https://t.co/sZmWOTZkvC"
#koktail #lillet #food https://t.co/GLvfuy89H9
"I'm at Yemen Kahvesi in KarabÃ¼k 100.yÄ±l, KarabÃ¼k w/ @ceriicess https://t.co/xl0aPw5kks"
"I'm at Platinuim Football Field in Kuwait City, Al Asimah https://t.co/qnW9moDs0A"
One of the best pieces Iâ€™ve heard on Mad Max: Fury Road and what makes it so good. https://t.co/bD8YhV6aIC
#blue #sea #peschici #gargano #cinemagargano @parcogargano @Daniela_sun @igersfoggiaâ€¦ https://t.co/FKeLcaLnbH
#food #pornfood #foodporn #foodie #foodgasm #foodpics #foodpics #foods #foodphotographyâ€¦ https://t.co/rH4L03l27H
"Zuhause ankommen und #burgerheart testen. ğŸ‘
#burger #food #foodporn #instafood #yummy #hamburgerâ€¦ https://t.co/22lwRLUomW"
"Everyone enjoys our ice cream at #DreamlandMargate 
Pop down and see our lovingly restoredâ€¦ https://t.co/t9Tm5JL8r3"
"Ğ¢Ğ¾Ğ»ÑŒĞºĞ¾ Ğ»ĞµĞ½Ğ¸Ğ²Ñ‹Ğ¹, Ğ½Ğ°Ğ²ĞµÑ€Ğ½Ğ¾Ğµ, ÑĞµĞ³Ğ¾Ğ´Ğ½Ñ Ğ½Ğµ ÑÑ„Ğ¾Ñ‚ĞºĞ°Ğ» Ğ½ĞµĞ±Ğ¾)) #Ğ¿Ğ¸Ñ‚ĞµÑ€Ğ¾Ñ‡ĞµĞº @ Saint Petersburg, Russia https://t.co/O3b7yLsiAN"
"Sahur (@ Restoran AMS Smart in Kuala Lumpur, WP Kuala Lumpur) https://t.co/6xg0BA9oQd"
"â€¢ Il segreto di una buona pizza sono io.

#pizza #food #foodporn #yum #instafood #TagsForLikesâ€¦ https://t.co/qTL93Uxted"
#Intercity 1184 (V 23:14 van Eindhoven) naar Den Haag Centraal is 5 minuten vertraagd.
"ã€06:00æ™‚ç‚¹ 16.4â„ƒ 58ï¼…ã€‘
16.4~14.4â„ƒ
ï¼ç¦å³¶çœŒç¦å³¶å¸‚ #fukushima #ç¦å³¶ https://t.co/jSaVnSZIAu"
"current weather in Taipei: broken clouds, 18Â°C
100% humidity, wind 1kmh, pressure 1004mb"
"We're #hiring! Click to apply: INTERNSHIP, GDS DATA MAINTENANCE (6 MONTHS) - https://t.co/qyA6NXrWdf #BusinessMgmt #ClujNapoca, CJ #Job"
I'm at Al Qurain Bridge https://t.co/oQKV3XNZS4
"Buona sera Roma ğŸ˜
Good evening Rome ğŸ˜
.
#moscastudio #divoraroma #sunset #vaticano #vaticanâ€¦ https://t.co/JdKS67WbM4"
Right now it's 3:39 am and we're still waiting for a flight that's apparently gonna take off atâ€¦ https://t.co/SMqx7MwGUi
Felt #earthquake M3.2 strikes 7 km NW of #Sion (#Switzerland) 6 min ago. Please report to: https://t.co/m1chjE8j2M https://t.co/t7unjXU4dM
Genoa to Monte Fasce to Cinque Terre to Deiva Marina to Pisa and finally to Emporio with a bushâ€¦ https://t.co/uEUZYkiyPE
Let your passion do the talking @ Putney Bridge https://t.co/kpfMyk44I6
"Heybridge Weather 02/06/17 at 21:31 Temp 16.1C, 24hr rain 3.9mm, Pressure 1017.9mb, WindW 0.0mph"
#topdriveitalia #rent #noleggio #ferrari #maserati #alfaromeo #tour #luxury #lifestyle #seaâ€¦ https://t.co/UEMydSHPdI
RÄ«gas gospelkoris un lieliskÄ kristine_pr @ Latvijas apvienotÄ metodistu baznÄ«ca / Latvia Unitedâ€¦ https://t.co/kIUzi2wvxO
Loving London as it's just getting dark. #london @ Tower Bridge https://t.co/FWjCLvClbQ
"Die #SPD mÃ¶chte _dringend_ eine Bundestagsauszeit, traut sich aber nicht, den WÃ¤hler direkt zu fragen â€¦ So sad. #2fb
https://t.co/NQRvZmIs9p"
"Te prometÃ­ un dÃ­a que iba a estar en las malas y en las buenas. Y asÃ­ serÃ¡â¤ï¸ 

#love #coupleâ€¦ https://t.co/t9fumELuW5"
"Just posted a photo @ Podstepki, Samarskaya Oblast', Russia https://t.co/WHtl4apqoH"
"#OutThereOnFriedMeatRidgeRoad Simply ADORED that @AlexKFerns yet again, had a gun ğŸ”« in his handâ€¦ https://t.co/0YLDhVgBTZ"
"#tbt first party @Sheratonjumeira with colleagues. @ Umm Suqaym, Dubayy, United Arab Emirates https://t.co/blhAA3OkPu"
Sunset ğŸŒŠ #sea #beach #sand #water #waves #wave #wave #blue #nature_brilliance #natureloversâ€¦ https://t.co/FeN5I7lRlb
Pek bi havalÄ±sÄ±n Zeynoliiim ğŸ˜ #iyikivarsÄ±n @ METÄ°N Ã‡ELÄ°K Butik Anaokulu https://t.co/VzQwnNfyv7
"I'm at Yemen Kahvesi in Kumluca, finike https://t.co/pHD4vQGePf"
"Just posted a photo @ London, United Kingdom https://t.co/OQziuDdSiU"
"Yaza Merhaba Konserine HazÄ±rmÄ±yÄ±z  MaÄŸusa ğŸ’¯ğŸ¤ğŸ¤ğŸ¤
9 Haziran Cuma ğŸ‘‰FREKANS ğŸ‘ˆ ArkÄ±n Palm Beach ğŸ‘ˆğŸ‘ŒğŸ‘
ğŸ‘‰â€¦ https://t.co/srnlLi59dI"
"1,996 users and 2,874 tweets (2363 RTs) in 43 minutes made #ihaveselfiesforcamila a Trending Topic in United Kingdom. #trndnl"
"Decentralized Administration of the Aegean, Greece
ML 2.0 (12 min ago)
5.0km 37.87Â°N 27.16Â°E
Jun 2, 2017 20:32:45 UTC
#earthquake"
"Just posted a photo @ Moscow, Russia https://t.co/U34lRV7bWM"
"Genial charla de Yolanda Corral @yocomu con @bylinedu @lasnaves  #ciberseguridad @ ""Las Naves""â€¦ https://t.co/deWAaWaJja"
"â’ˆ Manchester United
â’‰ #TelAviv
â’Š West Bank
â’‹ Cristiano Ronaldo
â’Œ #WonderWoman

2017/6/2 23:34 IDT #trndnl https://t.co/Fx5RhnJKes"
"quick response ğŸš” #forzahorizon3 @ Dubai, United Arab Emirates https://t.co/Cg6xioIkov"
Warum gibt es hier auf der Strecke so viele Tunnel? Hab Druck in den Ohren
"I'm at Ekor Premier in GazimaÄŸusa, Cyprus https://t.co/3cZj8qfJDM"
"London with it's S in sun. @ London, United Kingdom https://t.co/BWRgfMOSCZ"
Moi aussi je t'aime #paris !!! â¤ï¸â¤ï¸â¤ï¸â¤ï¸â¤ï¸#iloveparis @ Paris AÃ©roport - Charles de Gaulle (CDG) https://t.co/Y0MJjM96xG
ğŸ•ŠA weekend away by the sea ... plenty of time to try out new designsâ€¦ https://t.co/383pHbuGwE
"FÃ©camp, Seine Maritime.
#weekendaway #fecamp #sea #mer #port #cliff #boats #falaise @ FÃ©camp https://t.co/nMYpccVxSd"
One visitor today really got into the spirit of the place. @ Spotify https://t.co/TWEumlh4Q9
My #ootd today was inspired by the beautiful summery weather outside #lol #workbanterâ€¦ https://t.co/inKXNFE9Un
Ser pÃ¥ paradisefinale fra Russland @theTunnelBear . https://t.co/weim87UKel https://t.co/jjAENGWhKp
De cenuki con las #supergirls âœ¨âœ¨âœ¨ğŸ˜œğŸ˜‰ #fridaynight #dinner #girls #superteam #perfectnightâ€¦ https://t.co/tM3rxPaTG3
Ready for receiving our friends for Thanos' birthday #party #menu #friends #love #foodâ€¦ https://t.co/WvYolhg5tP
"#sea #beach #sand #and # @ Alexandria, Egypt https://t.co/xAeQuasgPl"
PHOTOS/VIDEO: Labour leader Jeremy Corbyn visits Pitsea to deliver speech on Brexit plan - Yellowâ€¦ https://t.co/VTDb238rte #Basildon
Hear Ice Cube's Fiery New Song 'Only One Me' on 'Death Certificate' Reissue https://t.co/bhkBUgNETZ #music https://t.co/J6ccK6djhp
"#SkyGrab facing the water tower at work of blue skies (24/05) â›…ï¸âœŒï¸ï¸ @ Ashford, Kent, England https://t.co/n3XXJSb1Ed"
Heacham Weather:Temp=16.5C &amp; is Falling.Low=15.1C &amp; high=27.3C.Pressure=1014.8mb &amp; is Falling.Wind=0.0mph SW &amp; gust 1.6mph.Rain today=1.2mm.
CrÃ©ation ğŸ‘—ğŸ’– #fashion #fuse #mode #model #picasso #lefou #designer #style #love #shootingâ€¦ https://t.co/4EtEG9Tm6N
Åehitlerimiz den TÃ¼mgeneral AydoÄŸan AydÄ±n'Ä±n kÄ±zkardeÅŸi Av. Burcuâ€¦ https://t.co/O1Lpy7mzy4
"I'm at Chalet K278 in Al-Aá¸¥madÄ«, Al Asimah https://t.co/bLka2NFN2S"
#food #pornfood #foodporn #foodie #foodgasm #foodpics #foodpics #foods #foodphotographyâ€¦ https://t.co/60ik9i2qsF
Drinking a Sea Lion's IPA by Animal Army @ The Fiddler â€” https://t.co/a0F3gkgmol
#topdriveitalia #rent #noleggio #ferrari #maserati #alfaromeo #tour #luxury #lifestyle #seaâ€¦ https://t.co/PzAKBTbhMM
#Intercity 1184 (V 23:53 van Breda) naar Den Haag Centraal is 7 minuten vertraagd.
"current weather in Tainan: shower rain, 28Â°C
94% humidity, wind 4kmh, pressure 1004mb"
Felt #earthquake M1.9 strikes 7 km NW of #Sion (#Switzerland) 5 min ago. Please report to: https://t.co/uNwzQB9F1Z https://t.co/oPNiOGWpwZ
This place is over the top! #sistinechapel #renaissance #art #sculpture #vatican @ Vaticanâ€¦ https://t.co/rxuOrm2cb2
"I did waaay too much food #veganfood #vegan #foodporn @ London, United Kingdom https://t.co/FRY0s9SXBH"
#sunset  #sun #red #orange  #sky #clouds #gorgeous #warm #cairo #egypt @ El-Sayeda Zeinab https://t.co/0RGWtCmNet
Utterly mad #Tyumen #summer weather part 2 - independence day clouds and brief flash ofâ€¦ https://t.co/TNJLSkl5C9
I'm at Sumahan On The Water Hotel Istanbul in Istanbul https://t.co/UF3N9QIHS0
@schueper Sowas findet du nur so gut wie nie oder du kannst es den Spieler nicht bezahlen
@iheartfrankfurt  kÃ¶nnen ja nicht alle aussehen wie aus den  80ern @Schanuf
Bitter coffee at Wells-next-the-sea last weekend ğŸ˜‚â¤ï¸ğŸ˜ it's theâ€¦ https://t.co/GDsCULdtBn
This is a place with great #food #excellent #servive rijsel and love for the business.â€¦ https://t.co/kLBvRzcI5L
"Heybridge Weather 02/06/17 at 22:25 Temp 15.4C, 24hr rain 3.9mm, Pressure 1017.6mb, WindW 0.0mph"
#prato #dinner #restaurant #meat #steak #pepper #food #foodporn #yummy #instafood #foodpostâ€¦ https://t.co/qOdtYUc148
@cedricgrolet #meurice #like4like #cheflaurentmoreno #like4like #yummy #food #carameloâ€¦ https://t.co/bFC4OkpQem
#topdriveitalia #rent #noleggio #ferrari #maserati #alfaromeo #tour #luxury #lifestyle #seaâ€¦ https://t.co/JcrIs7VxH0
https://t.co/B9Irt9lhvt Temp: 15.9Â°C Wind:0.0mph Pressure: 1016.8mb Falling slowly Rain Today 8.7mm Hum 84% Fc: Fine weather
"â’ˆ Manchester United
â’‰ #TelAviv
â’Š West Bank
â’‹ Cristiano Ronaldo
â’Œ #WonderWoman

2017/6/3 00:14 IDT #trndnl https://t.co/Fx5RhnJKes"
"4.4 magnitude #earthquake. 28 km from Ash ShaÅ£rah, #DhiQar, Iraq https://t.co/1fNLSCU7n8"
@thevoidishungry thanks for the follow. What a great concept. Could've done with you about a year ago when we were shooting #ghoster!
Ready for tonight's #gig #takeontakethat #lads @ Chesfield Downs Golf Club https://t.co/i3FlynvhqE
"Wind 1.0 mph E
Barometer 1014.09 mb Steady
Temperature 16.6 C
Rain today 12.8 mm
Humidity 97% 
#Clacton #Weather
https://t.co/duwHpqQvEf"
"Boodle Fight ğŸ’ªğŸ¼âœŒğŸ»ï¸ğŸ‘ŒğŸ»ğŸ·ğŸ½ #HappyTGIF @ Dubai, United Arab Emirates https://t.co/k5THAy705n"
"The storm has been coming â›…ï¸ğŸŒŠ 
#venice #sea #beach #sky #bluesky #sun #clouds #storm #wavesâ€¦ https://t.co/MJ8ct6VKXI"
"Wind 1.0 mph NW
Barometer 1014.40 mb Falling
Temperature 16.5 C
Rain today 12.8 mm
Humidity 97% 
#Clacton #Weather
https://t.co/IpdjZhlg8X"
"Wind 0.7 mph W
Barometer 1013.6 mb,Steady 
Temperature 16.0 .C 
Rain today 9.0 mm 
Humidity 10%
@ 22:00:03.#ukweather.#weather"
"long time no Coffee ğŸ˜
#coffeeaddict @ Mandalay, Myanmar https://t.co/YQINT61XRq"
"Tortilla de jamÃ³n york braseado y Mini Babybel ğŸ’ªğŸ¼
#conmisfogones #aove #barcelona #foodâ€¦ https://t.co/puLQpgyrz9"
"ğŸ“ˆ ""Epsom Derby"" is trending today on Google United Kingdom (10000+ searches) https://t.co/DmXSi7dKHH"
"I'm at Yemen Kahvesi in Alanya, Antalya w/ @samet_kozak https://t.co/aPpO7VbzDx"
"âš½ï¸âš½ï¸ (@ Goal Football Field in bnaid ilGar, Al Asimah) https://t.co/LQlfjz5k0g"
Heacham Weather:Temp=16.7C &amp; is Falling.Low=15.1C &amp; high=27.3C.Pressure=1014.9mb &amp; is Steady.Wind=0.0mph SW &amp; gust 2.2mph.Rain today=1.2mm.
"DALE PLAY A MI TEMA SANTA DIABLA , disponible en youtuube y todas las  plataformas digitales !!â€¦ https://t.co/L6efwUWc8U"
De eerste avond dat we deze week buiten kunnen blijven aan het water. #windstil @ Jachthavenâ€¦ https://t.co/FAucbLSweH
"ÅŒuchi-juku located in Fukushima. Taken by shinyai. 
https://t.co/kpYTjD4ouZ https://t.co/0cHDkSpzGm"
A well deserved jump in the sea! The girls worked so hard today starting with a Hiit and Burnâ€¦ https://t.co/lnfYtXPiFg
I 2 campeggiatori osservano il panorama #pitbulllove #pitsofinstagram #dogs #sea #elba @ Capoâ€¦ https://t.co/K4VvTNHt2t
"Just posted a photo @ Saint Petersburg, Russia https://t.co/YvCRrorD3K"
Jesus was the Mess-iah. He went into the mess! - @SimonWillits #blessed #bornagainâ€¦ https://t.co/e3tQ9jwQbm
"Suhoorâ­ï¸ğŸŒ™ #acaibowl #ramadanvibes #ramadan #familylove #friends @ Dubai, United Arab Emirates https://t.co/ZWDukjMxeu"
One of the best pieces Iâ€™ve heard on Mad Max: Fury Road and what makes it so good. (no spoilers) https://t.co/bD8YhV6aIC
@johnnojohnno04 the 1st mention of #LeadersSpecial appears on your TL. Now is Trending Topic in United Kingdom! #trndnl
"Smoke em' if you got em'...
#Filth #Sleaze @ Vatican City https://t.co/uxlIiK9ZAp"
"#sea #beach #sand #waves @ Alexandria, Egypt https://t.co/1YqvRnuvqi"
Nuevas fotos de mi Ãºltimo shooting en baaldofotografia y en facebook: Baaldo FotografÃ­a ğŸ“·âœ¨ @â€¦ https://t.co/mQqabYTw4J
"I'm at Alothman chalet, sea side https://t.co/serMGXzWgR"
Puede llover pero la mÃºsica no para en las calles durante Afro-Pfingsten Festival en #Winterthurâ€¦ https://t.co/KedwqcBhYr
Surf &amp; Turf @thaisquaregroup Thai Square Putney Bridge's  soft launch of the new executive menuâ€¦ https://t.co/WlI421Tegw
Little mix on fire! ğŸ”¥ğŸ”¥ #happyplace #glorydays #gig #tonight #concert #littlemix  #onfire @ Lottoâ€¦ https://t.co/QBy59F7ztr
#Intercity 1184 (V 0:38 van Den Haag HS) naar Den Haag Centraal rijdt vandaag niet. #fail Geld terug? Zie https://t.co/wQfqoWMoGC
@schreiblockade Danke fÃ¼r den Ohrwurm ğŸ˜‚ğŸ¤˜ğŸ˜Š
"Day is over.
Der Tag l ist vorbei - ab in den Schlafsack. Warm einkuscheln, denn die Nacht ğŸŒƒâ€¦ https://t.co/43X9qCqQ65"
"#Ğ¯,# @ Saint Petersburg, Russia https://t.co/X1Wc9LZUIS"
Ä°yi geceler ğŸŒ™ #geceyebirsÃ¶zbÄ±rak #YazBaÅŸlasÄ±n #iyigeceler  #kiss  #instalike #instagoodâ€¦ https://t.co/EtRKXacnwK
"#architecture #london #buildings #riverthames new shapely building needs a name @ London, Unitedâ€¦ https://t.co/xj2kfWu4RF"
"ğŸ‡¬ğŸ‡§ğŸ’‚ğŸ»â€â™€ï¸ğŸ’‹#londonvibes #citylife #greatbritain @ London, United Kingdom https://t.co/ZbJHRsAkTY"
"...happy wife- happy life...ğŸ˜‚ğŸ˜ğŸ˜‚...cooking for my Love...
.
.
.
#food #foodporn #foodphotoâ€¦ https://t.co/vQraoFsoat"
I'm at ÅENER MALÄ°KANESÄ° https://t.co/14ma2CnNX5
"Hast Du Dich heute schon gefragt, wofÃ¼r Du dankbar sein kannst? Ich bin dankbar, fÃ¼r den schÃ¶nenâ€¦ https://t.co/0XsyPeeVH2"
"Local Weather @ 22:30:02 02/06/2017
Temp 16.3 ÂºC Current Wind/Gust 0.0 - 10.4 mph Wind:ESE
Rainfall today 4.0 Baro:1013.20 &amp; Falling"
"Casas arcoiris ğŸŒˆ @ London, United Kingdom https://t.co/VYeAqoQbi3"
"Weather report: slightly windy ğŸŒª
outfit: preenbythorntonbregazzi @jonathansimkhai @balenciagaâ€¦ https://t.co/CriTVACoPp"
"ğŸ•Š @ Beirut, Lebanon https://t.co/GBpSh5SG9D"
@STEBigMike I'm not sure if you've noticed but there have been several wars and terrorist attacks. What exactly has it stopped?
é‡§è·¯æ€ªè«‡  https://t.co/6aZStKlZO1 #é‡§è·¯
Bigfoot. @ Flora Damansara Block B https://t.co/00CoUErLlb
"5.1 magnitude #earthquake. 106 km from Hirara, Okinawa, ##Japan https://t.co/Pe5tGvn6mJ"
AquÃ­ con thexx cumpliendo las grandes expectativas que tenÃ­a con ellos #primaverasoundâ€¦ https://t.co/eCDm5Cwzzr
#montenegro #budva #city #tymeet #streetphoto #view #sea #grad #oldcity #town #discoverworldâ€¦ https://t.co/peD8HLnVAK
"School boy in Abuja
#Nigeria, #Africa, #schoolchildren, #WestAfrica, #Abuja, #AfricanChildren @â€¦ https://t.co/DG5YKHmjxK"
South sea pearl for me. ğŸ˜˜ğŸ˜â¤ï¸ @ Puerto Princesa https://t.co/rCqIkthjAq
"water baby since 98' @ Anilao, Batangas, Philippines https://t.co/2dUQ61bGRY"
#U20WC - #U20ëŒ€í‘œíŒ€ Korea Republic 1 vs #Portugal #POR 3  at https://t.co/0SP7Bk0TQS https://t.co/3HPqNT8GJZ
ï¼»æ°—è±¡åºæƒ…å ±ï¼½01æ—¥ã€€13æ™‚04åˆ†é ƒã€€ç†Šæœ¬çœŒç†Šæœ¬åœ°æ–¹ï¼ˆN32.8/E130.8ï¼‰ã«ã¦ã€€æœ€å¤§éœ‡åº¦1ï¼ˆM2.7ï¼‰ã®åœ°éœ‡ãŒç™ºç”Ÿã€‚ã€€éœ‡æºã®æ·±ã•ã¯10kmã€‚( https://t.co/Exdw9vl1VZ ) #saigai #jishin #earthquake
"âœˆï¸âœˆï¸âœˆï¸ğŸ‡ºğŸ‡¸ğŸ‡ºğŸ‡¸ğŸ‡ºğŸ‡¸
#losangeles #la #travel #vacation #lax #summer #summer2017 #enjoy #life #cuteâ€¦ https://t.co/d4KF6azT3l"
I'm at Ice Castle https://t.co/N8058fO7yw
"#Handout fÃ¼r den Vortrag heute zum Thema #militarylook in entworfenen Ãœberwurf, der wie ein Rockâ€¦ https://t.co/ZOGGqWXlUO"
Football rumours from the media #Maldon https://t.co/YqzWKa8DTv https://t.co/fgXnqs6YCw
De Hefbrug in Alphen aan den Rijn ging zojuist open om 09:46. Zie https://t.co/zCqSr3mrjr #brugopen
"I'm at Idol Smile Dental Clinic in Bangna, BKK https://t.co/TMfejR1jgd"
De #steekterbrug in Alphen aan den Rijn is weer dicht. Zie https://t.co/zCqSr3mrjr #brugopen
Pre gig picture of yesterday's gig at the @Nambucca_Live- it was amazing! Great venue andâ€¦ https://t.co/GawuUrvjP7
Today's lunch by @_iisaabell #insalatacaprese #lunch #italy  #food ğŸ‡®ğŸ‡¹ @ annelous van toorâ€¦ https://t.co/nHJVR4ybgb
DUBAI ğŸ‡¦ğŸ‡ª âŒLEBANON ğŸ‡±ğŸ‡§ âŒSWITZERLAND ğŸ‡¨ğŸ‡­ âŒ FRANCE ğŸ‡«ğŸ‡· don't stop the music ğŸ¶ #dopeteam next stopâ€¦ https://t.co/AZYiEo9d47
"NhÃ  cháº£ cÃ³ gÃ¬, ngoÃ i sá»• áº¡. Sá»• ngáº­p nhÃ  lun :) @ Sá»• Da I XÆ°á»Ÿng Sáº£n Xuáº¥t Sá»• Da I Sá»• Da QuÃ  Táº·ng https://t.co/J1sm2swLrV"
"#tbt to warm nights in #Norway ğŸ˜ P.s. it was warmer even that we have here right now ğŸ˜¬
#weatherâ€¦ https://t.co/53l9hCtzSZ"
"ğŸ”´ #NIJKERKGLD #ambulance | A1 Berg van Den, Huisarts Henri Nouwenstraat __  Nijkerk 3863HV __  43710 | https://t.co/XBDoP3l6nZ"
à¹€à¸›à¸™à¸£à¹‰à¸²à¸™à¸—à¸µà¹ˆà¹€à¸‚à¹‰à¸²à¸à¸µà¹ˆà¸—à¸µà¸à¹‰à¸­à¹€à¸‚à¸´à¸™ 555 à¹„à¸¡à¹ˆà¸£à¸¸à¹€à¸ˆà¸´à¸™à¸­à¸°à¹„à¸£ à¹à¸‡à¸‡ //à¹€à¸ªà¸·à¹‰à¸­à¸šà¸­à¸¥ à¸­à¸‹à¸™ à¸¥à¸”40%à¹€à¸”à¸µà¹‹à¸¢à¸§à¹€à¸ˆà¸­à¸à¸¹ (@ Ari Football Concept Store) https://t.co/4hwG8YtzNH
@dorset_eye the 1st mention of #WhereIsTheresa appears on your TL. Now is Trending Topic in United Kingdom! #trndnl
"See photos of #traveller showing off their behind, the #elephant is saying stop, this is #Africaâ€¦ https://t.co/RsAfjCKxOu"
ĞœĞ¾Ñ Ğ¨Ğ¸ĞšĞ°Ñ€Ğ½Ğ°Ñ ğŸ’—ğŸ’—ğŸ’— @ Stage Entertainment Russia https://t.co/hJCaAKpfGx
palco #msp !! I Love it!!! #rw2k17 #ilmoriarw2k17 #readyforrw2017 @ RiminiWellness https://t.co/nioguI2LLH
De Hefbrug in Alphen aan den Rijn is weer dicht. Zie https://t.co/zCqSr3mrjr #brugopen
"Ramadan Kareem. @ Dubai, United Arab Emirates https://t.co/2Cn9ZElqAg"
"Benvenuto giugnoğŸ‘™ğŸŒğŸŒŠâ›± 
#lavoroeguardoilmare #sunmertime #summer #seağŸŒŠ #mysun #mysea #instameâ€¦ https://t.co/5Wi8V5BXc1"
"Lagos, Gauteng Province Have Capacity To Drive Africaâ€™s Economy â€“ Ambode https://t.co/GJ1ZuS5TcV"
"Lagos, Gauteng Province Have Capacity To Drive Africaâ€™s Economy â€“ Ambode https://t.co/BMCMqKukYn"
"Ğ¢Ğ°ÑˆĞ¸Ñ€ ğŸ• @ Oufa, Bashkortostan, Russia https://t.co/9FbRmg0vCF"
And how! @ Baltic Sea https://t.co/VN1QO4ozmV
Disruption on the roads after crash on A140 between Long Stratton and Tasburgh https://t.co/lCcd0WENt6 #Norfolk https://t.co/YGpQPJUuUC
ãŠé…’é£²ã¿ãªãŒã‚‰ã‚·ãƒ§ãƒ¼è¦‹ã‚Œã‚‹ã¨ã‹æœ€é«˜ãªã‚“ã ã‘ã©ğŸ˜¶â¤ï¸ @ æ±äº¬ãƒ‡ã‚£ã‚ºãƒ‹ãƒ¼ã‚·ãƒ¼ / Tokyo Disney Sea https://t.co/rTMMLvYNpg
"Perfect snacks for the rainy weather! â¤
On my plate: Dal Pakoda at the top (deep fried lentilsâ€¦ https://t.co/uStRILTOHf"
@MichaelDean94 Was going to thatâ€¦.Til Liam Gallagher announced a gig tonight.
"Pinch punch ğŸ¤œğŸ¾ğŸ‘ğŸ¾ @ London, United Kingdom https://t.co/d4hgPN8RjO"
".
.
.
Ù‚Ø¨Ù€Ù„ ÙŠÙˆÙ…Ù€ÙŠÙ† ğŸ˜ªğŸ’”ğŸ’­ ' @ Dubai, United Arab Emirates https://t.co/xBDk4QEthD"
"current weather in Chelyabinsk: clear sky, 16Â°C
29% humidity, wind 5kmh, pressure 1012mb"
"âš  TONIGHT LET'S TURN UP IN CITY OF LAUSANNE @ ""MAD CLUB"" âš 

ğŸ‡ºğŸ‡¸ğŸ‡¬ğŸ‡§ FREE ENTRANCE FOR EVERYONE ALLâ€¦ https://t.co/cWO1mmZkUk"
"çµ¦æ–™æ—¥ã¨ã„ã†ã“ã¨ã§æ˜¥æ—¥ç”ºã§ãŠè²·ã„ç‰©â€¼ï¸
#starwarks #starwarks_niigata #click #privilege #lafayette #æ˜¥æ—¥ç”ºstreetboyz @â€¦ https://t.co/OwFCK4zEdt"
Heacham Weather:Temp=17.8C &amp; is Rising.Low=12.1C &amp; high=17.8C.Pressure=1021.7mb &amp; is Falling.Wind=3.8mph SSW &amp; gust 9.8mph.Rain today=0.0mm.
ğŸ‡¸ğŸ‡² #SanMarino (yesterday) Friendlies at https://t.co/JPnvZ1D4d5
"San Francisco! (@ THY Crew Lounge - @angelsofair in Ä°stanbul, TÃ¼rkiye) https://t.co/twnbA2Og2g"
"Just posted a video @ Saint Petersburg, Russia https://t.co/aUp1E2RRIf"
"Good evening ğŸŒ‡ğŸŒ† ğŸŒ… @ Dubai, United Arab Emirates https://t.co/3idEKF4O9j"
ğŸ‡®ğŸ‡¹ #Italy (yesterday) Friendlies at https://t.co/v7VKkwDPmx
Disfrutando de las cosas hermosas que nos ofrece la vida â¤ï¸ #london #westminsterbridgeâ€¦ https://t.co/AXxgtKKhTf
MÃ¤nnerschlussverkauf - Wie man den Mann kriegt #Backnang #MÃ¤nnerschlussverkauf #Mann https://t.co/j1pvhyVqTs
"Just posted a photo @ Saint Petersburg, Russia https://t.co/GlF4j95HzI"
Touristen Azubis besuchen den Dervish ğŸ˜‚ #nosikiriki #selfiemaniac @ Vrelo Bune https://t.co/sJexiKMyzZ
"current weather in Yekaterinburg: clear sky, 15Â°C
30% humidity, wind 6kmh, pressure 1011mb"
"Siamo pronti!!!
Primo scalo a Riga e poi dritti in Russia per l'EuroHockey Club Trophy 2017â€¦ https://t.co/yhb7KDn7SS"
"I wonder if the beach misses me too. ğŸ’¦ğŸŒŠâ˜€ï¸ @ Dubai, United Arab Emirates https://t.co/IsgCWICyW0"
Oh bank holiday weather. Perfect few days to be dispensing  iced coffees and @nudgedrinksâ€¦ https://t.co/Uc7j6oirJE
@Martina the 1st mention of 'Margaret Court Arena' appears on your TL. Now is Trending Topic in United Kingdom! #trndnl
"2,853 users and 2,860 tweets (2715 RTs) in 7 days made 'Margaret Court Arena' a Trending Topic in United Kingdom. #trndnl"
"current weather in Rome: clear sky, 16Â°C
59% humidity, wind 1kmh, pressure 1021mb"
De #steekterbrug in Alphen aan den Rijn ging zojuist open om 09:40. Zie https://t.co/zCqSr3mrjr #brugopen
#Intercity 1128 (V 9:38 van Tilburg) naar Den Haag Centraal is 5 minuten vertraagd.
#Intercity 1128 (V 9:53 van Breda) naar Den Haag Centraal is 5 minuten vertraagd.
"Just posted a photo @ Dubai, United Arab Emirates https://t.co/q7JofYoCm9"
PM: In den Sommerferien noch nichts vor? / Anmeldung fÃ¼r international ...  https://t.co/dr9H8OXHoh
#beautiful #weather #butcold #springweather #june1st #wheressummer #sÃ¶dermalm #sthlm #stockholmâ€¦ https://t.co/GyrI6imnob
ØµÙˆØ±Ø© Ù…Ø¹Ø¨Ø±Ø©. #Ø¯Ø¨ÙŠ #Ø§Ù„Ø§Ù…Ø§Ø±Ø§Øª #Ø§Ù„Ø®Ù„ÙŠØ¬ #Ø§Ù„ÙƒÙˆÙŠØª #uae #dxb #dubai #gcc #q8 @ Al Warqa'a 1 https://t.co/mWP5JutD3p
"â’ Amber Rudd
â’ ElfmeterschieÃŸen
â’ Manchester United
â’ Meppen
â’‘ #Afghanistan

2017/6/1 09:32 CEST #trndnl https://t.co/p8qpEIM5hj"
De #zegerbrug in Alphen aan den Rijn is weer dicht. Zie https://t.co/zCqSr3mrjr #brugopen
ğŸ‡¸ğŸ‡³ğŸ‡²ğŸ‡½ğŸ‡ºğŸ‡¸ğŸ‡³ğŸ‡¿ @ Incheon Football Stadium https://t.co/wpxmxVkthV
"â€œWherever you go, no matter what the weather, always bring your own sunshine.â€ â€“ Anthony J.â€¦ https://t.co/hbJSnPYWhq"
"#Ğ¡Ğ¾Ñ‡Ğ¸#ĞšÑƒĞ¿Ğ¸Ñ‚ÑŒ#ĞšĞ²Ğ°Ñ€Ñ‚Ğ¸Ñ€Ñƒ#Ğ²#Ğ–Ğš#Ğ®Ğ¶Ğ½Ñ‹Ğ¹# @ Sochi, Russia https://t.co/wpMjOIjUKb"
"I trofei, quelli belli. Grazie #sanmarino #calcio #gagliardetto #maglia #football #soccerâ€¦ https://t.co/IldLeewH4n"
Mad as a June squirrel? #nutters @ Richmond Park https://t.co/PwpixFBGV0
"I'm at Jethro Shooting Range in Makati City, Metro Manila https://t.co/ICMofq48Jl"
#Apps Uber's Head of Finance Gautum Gupta Resigns as Company Narrows Losses: Gautam Gupta will depart Uber in Julyâ€¦â€¦ https://t.co/2Bb1eLkBwa
@grannyonline1 the 1st mention of 'Plymouth Herald' appears on your TL. Now is Trending Topic in United Kingdom! #trndnl
"1,460 users and 1,505 tweets (1334 RTs) in 2 weeks made 'Plymouth Herald' a Trending Topic in United Kingdom. #trndnl"
I'm at BKK SKY GYM https://t.co/r0gwwVv5Rr
Batman Batarang smashes into London to save London from Brexit!! #London #England #No2 @ Southâ€¦ https://t.co/0Efx1sbRWq
De #zegerbrug in Alphen aan den Rijn ging zojuist open om 09:36. Zie https://t.co/zCqSr3mrjr #brugopen
"See the line where the sky meets the sea? It calls you. @ Oslob, Cebu https://t.co/xQRuxQRCJE"
yay for vitamin sea ğŸŒŠ @ Vista Aplaya https://t.co/r0R7e7Ss4Y
"Soldier retired ,Florin Mihai are sending on email a request  for political asylum to Mrs.Angelaâ€¦ https://t.co/QSxKB1ofs3"
I'm at The Backyard Hazmieh in Mt Lebanon https://t.co/mXfH9cC8pW
Home. Sea. Seagulls. --&gt; nothing better. Dreaming about my come back. Looking forward.â€¦ https://t.co/6tls0kMxIl
A veces las prisas nos hacen olvidar las mejores tartas. Ã‰sta es del pasado mes de marzo paraâ€¦ https://t.co/RzJhJg5Qez
"Summer, you're finally here! What took you so long?! The skies are sunny, the weather has warmedâ€¦ https://t.co/0ynjB1ct5X"
Voice over Farouk yow. (@ grand theft records) https://t.co/MovnNpMOLS https://t.co/ySablo7hye
"I'm at SM Southmall in Las PiÃ±as City, Metro Manila https://t.co/0KelvaFptj"
Nigeria accounts for 40% of gas flared annually in Africa â€” Senate https://t.co/wrrihWXTJP
Return of Ebola and the need for vigilance https://t.co/MyX1hHDKEj
Return of Ebola and the need for vigilance
"From the Red Square ğŸ¤˜ğŸ»
#redsquare #moscow #russia #tattoo #tattoos #tattooartist #ontheroadâ€¦ https://t.co/hvOdzPb8My"
"Wind 4.0 mph S
Barometer 1022.32 mb Steady
Temperature 18.1 C
Rain today 0.0 mm
Humidity 76% 
#Clacton #Weather
https://t.co/duwHpqQvEf"
"NRT &gt; LAX (@ Narita International Airport in æˆç”°å¸‚, åƒè‘‰çœŒ) https://t.co/jLUqq988lM"
"#Ğ¡Ğ°Ğ½ĞºÑ‚ĞŸĞµÑ‚ĞµÑ€Ğ±ÑƒÑ€Ğ³,#Ğ­Ñ‚Ğ¾ĞŸĞ¸Ñ‚ĞµÑ€Ğ”ĞµÑ‚ĞºĞ°,#Ğ’ĞµÑĞ½Ğ°,#Ğ’Ğ¾Ğ·Ğ´ÑƒÑ…,#ĞĞ°ÑÑ‚Ñ€Ğ¾ĞµĞ½Ğ¸Ğµ,#Ğ–Ğ¸Ğ·Ğ½ÑŒ,# @ Saint Petersburg, Russia https://t.co/6tKw9CwuSq"
"Da er billettsalget i gang! Sjekk lenken i vÃ¥r bio for Ã¥ kjÃ¸pe billetterğŸ”¥ 
...
The ticket saleâ€¦ https://t.co/ERqZ8koO0l"
Desarrollar organizaciones SIN CORBATA   Ha sido un placer #escuchar a jaumegurt en _esadeâ€¦ https://t.co/8AtfAUUcO4
You've been so goood ğŸ‡¦ğŸ‡ªğŸª #uae #abudhabi #dubai #travelling #travelgram #emiratesâ€¦ https://t.co/rlYEHaLbMz
"Heybridge Weather 01/06/17 at 09:31 Temp 25.0C, 24hr rain 0.0mm, Pressure 1025.3mb, WindNE 0.0mph"
De #zegerbrug in Alphen aan den Rijn ging zojuist open om 10:30. Zie https://t.co/zCqSr3mrjr #brugopen
"Ğ‘ÑƒÑ€Ñ, ÑĞºĞ¾Ñ€Ğ¾ Ğ³Ñ€ÑĞ½ĞµÑ‚ Ğ±ÑƒÑ€Ñ #Ğ´Ğ¾Ğ¶Ğ´ÑŒ #Ğ±ÑƒÑ€Ñ #Ğ¾Ğ±Ğ»Ğ°ĞºĞ° @ Togliatti, Russia https://t.co/uJ4IrlxL2m"
"Oh, hey beautiful!! â™¡
.
.
.
.
.
.
.
#iphone7 #photography #picoftheday #dubai #dxb #uaeâ€¦ https://t.co/G8iXeClqH9"
"current weather in Tehran: clear sky, 32Â°C
10% humidity, wind 8kmh, pressure 1010mb"
Hanging around with this Mad women on a brunch i almost missed my flight heading back homeâ€¦ https://t.co/avBgyHXRtf
#deutsch #Trumps Klimaentscheidung: Gegen den Mainstream? https://t.co/wXKVlsczX0
"#zvezdopad @ Khosta, Krasnodarskiy Kray, Russia https://t.co/T5IEdqGSAB"
"One of the most beautifulhotels in Venice, Hotel Danieli is steps away from the Bridge of Sighsâ€¦ https://t.co/9x17Wu9X4z"
I'm at Papa Diddi's Ice Cream Company in Quezon City https://t.co/noxBt5AhZd
"#Ğ¡Ğ°Ğ½ĞºÑ‚ĞŸĞµÑ‚ĞµÑ€Ğ±ÑƒÑ€Ğ³,#Ğ­Ñ‚Ğ¾ĞŸĞ¸Ñ‚ĞµÑ€Ğ”ĞµÑ‚ĞºĞ°,#Ğ’ĞµÑĞ½Ğ°,#Ğ’Ğ¾Ğ·Ğ´ÑƒÑ…,#ĞĞ°ÑÑ‚Ñ€Ğ¾ĞµĞ½Ğ¸Ğµ,#Ğ–Ğ¸Ğ·Ğ½ÑŒ,# @ Saint Petersburg, Russia https://t.co/TcxC8Oc5Z5"
"Quake: M 6.4 near Reuleuet, Indonesia (Tue, 06 Dec 2016 22:03:34 GMT) https://t.co/pM0moxLqJp"
"#Ğ¡Ğ°Ğ½ĞºÑ‚ĞŸĞµÑ‚ĞµÑ€Ğ±ÑƒÑ€Ğ³,#Ğ­Ñ‚Ğ¾ĞŸĞ¸Ñ‚ĞµÑ€Ğ”ĞµÑ‚ĞºĞ°,#Ğ’ĞµÑĞ½Ğ°,#Ğ’Ğ¾Ğ·Ğ´ÑƒÑ…,#ĞĞ°ÑÑ‚Ñ€Ğ¾ĞµĞ½Ğ¸Ğµ,#Ğ–Ğ¸Ğ·Ğ½ÑŒ,# @ Saint Petersburg, Russia https://t.co/6Rv7a6nq9s"
The FCA is making sure the UK's biggest asset managers have a plan for #Brexit https://t.co/JFpmMiRO8t #Business https://t.co/XntxiISUTX
"Local Weather @ 09:30:02 01/06/2017
Temp 19.4 ÂºC Current Wind/Gust 9.1 - 11.7 mph Wind:SW
Rainfall today 0.0 Baro:1020.41 &amp; Falling"
Design francÃªs ğŸ–ŠğŸ‡«ğŸ‡·#chair #stopover #paris #airport #cdg #dior #prada #design #frenchdesignâ€¦ https://t.co/HHIKJK4wh7
"Carbonara is in the house! 

#foodlover #foodlover #food #foodporn #foodstagramâ€¦ https://t.co/0NwCBjYeRj"
"Starbucks Kaffee in der Hand, aber Ã¼ber den Preis fÃ¼rs Busticket nÃ¶rgeln. Spezialexpertenâ„¢"
"I'm at London Bridge Railway Station - @nationalrailenq in London, Greater London https://t.co/re9U7D10fB"
Milo Volcano ğŸ§ #foodie #dessertthailand #dessert #bingsu #koreabingsu #Trang #trangtrips60â€¦ https://t.co/znkwg9elf2
ğŸ¤ğŸœğŸ²ğŸ£ğŸ± #tokyojoe #smseaside #lunch #bento #japanese #food @ SM Seaside City Cebu https://t.co/xxe14J4mQ5
"A barber comes to Noko cutting by the sea!
#islandlife #noko #barberâ€¦ https://t.co/rJeyJtVQE2"
Das Hashtag #Favre war auf Platz 12 im Top20 von den Trends in Frankfurt am Mittwoch 31: https://t.co/NsBR3zLWsg #trndnl
"Sat 03 Jun: Sinksen Brunch, Beer &amp; Burgers https://t.co/fDYtGCyg8v #Kortrijk #Food&amp;drinks #hoplr https://t.co/K1IxTdjdZ9"
"new style âœ‚ï¸
#VREEA #ãƒ¡ãƒ³ã‚ºãƒ˜ã‚¢ #ã‚«ãƒƒãƒˆ #ã‚«ãƒ©ãƒ¼ #ä½œå“æ’®ã‚Š #ã‹ã£ã“ã„ã„ #ã‚’ã¤ãã‚‹ #hair #hairstyle #mensstyle #shootingâ€¦ https://t.co/JXSAMibR3E"
#liveleak Divine Tornado Caught on Cam in Chihuahua Mexico https://t.co/FOyZ0hp1Oq
"Tragedy As Pirates Kidnapped &amp; Gruesomely Killed Nigerian Man, Capt. Chris Ndukwe At Seaâ€¦ https://t.co/hKoUBk3yKXâ€¦ https://t.co/YpHjpEntSn"
"What's your favourite season? Comment below! ğŸ‚ğŸƒ @ London, United Kingdom https://t.co/78iIAKnWuI"
Loading ğŸ“âœŒ @bestimagegroup @videosanatcom @Bahcesehir @ Abdi Ä°pekÃ§iâ€¦ https://t.co/v4G5maojxJ
CEBâœˆï¸DVOâœˆï¸SIN â€¢05.25.17â€¢ SingaporeğŸ‡¸ğŸ‡¬ Day 1 @ Changi Airport https://t.co/TjLCuwtDcw
"#Ğ¡Ğ°Ğ½ĞºÑ‚ĞŸĞµÑ‚ĞµÑ€Ğ±ÑƒÑ€Ğ³,#Ğ­Ñ‚Ğ¾ĞŸĞ¸Ñ‚ĞµÑ€Ğ”ĞµÑ‚ĞºĞ°,#Ğ’ĞµÑĞ½Ğ°,#Ğ’Ğ¾Ğ·Ğ´ÑƒÑ…,#ĞĞ°ÑÑ‚Ñ€Ğ¾ĞµĞ½Ğ¸Ğµ,#Ğ–Ğ¸Ğ·Ğ½ÑŒ,# @ Saint Petersburg, Russia https://t.co/OzADmOtTTv"
"10,000sft to 1 lakh sft built to suit ware house at Kukatpally w/ power and water facility #Warehouse #Godown
https://t.co/tekgoYv8YP"
Stastny medzinarodny Den Deti! Happy International Children' s Day! #wearetheworldâ€¦ https://t.co/EtNimDZTWg
British Nurse Who Survived After Contacting Ebola Returns To See The Patient She Was Tryingâ€¦â€¦ https://t.co/G31wDKw9SR
"ThÃ¹ng rÃ¡c nhá»±a 90â€¦, MÃY / Váº¬T LIá»†U / XÃ‚Yâ€¦ - Ngoáº¡i tháº¥t, ThÃ nh phá»‘ Há»“ ChÃ­â€¦ - Huyá»‡n BÃ¬nh ChÃ¡nh, 380.000â‚« - https://t.co/ETAlT7IMxQ"
"""Per anni iÂ bulliÂ mi hanno fatto credere di non valere nulla e che la mia anima fosseâ€¦ https://t.co/AwJWIGlnnk"
"ğŸš‚ #RB6809 LUXâ†’Rodange
Departure 9:18
has a short delay
#CFL50"
"Good morning from #FryslÃ¢n! The #weather so calm, the water surface so smooth â€“ will be aâ€¦ https://t.co/hCAazUIBSX"
The shortest Trends on Wednesday 31 in United Kingdom had only 4 characters long: https://t.co/Gn7w8E0CSj #trndnl
"Manisa, TÃ¼rkiye
ML 2.2 (111 min ago)
6.0km 38.77Â°N 27.78Â°E
Jun 1, 2017 06:37:15 UTC
#earthquake"
I'm at Polar Bear Freezing &amp; Cold Storage Corp. in Quezon City https://t.co/1HJqJyvpDp
"Step forward into growth. .ğŸ™ŒğŸ™
#YouCanHaveIt
#LiveBigger @ London, United Kingdom https://t.co/55m2Eo1bXR"
#food @ å±‹é¦¬ç‡’è‚‰ https://t.co/DqZmiU45EX
"ğŸŒ #Ğ½ĞµĞ±Ğ¾ #sky #Himmel #cielo @ Tula, Russia https://t.co/U1mg55fZX7"
Wednesday's Touch Rugby with the Bridge Boys! #BridgeBoys #FitFam #Training #instagayâ€¦ https://t.co/QsU9seRCmc
Not messing about are they? #n17 #spurs #whitehartlane #Tottenham #coys #boysfromwhitehartlaneâ€¦ https://t.co/0sOaOwVAud
Mari Pulang...... @ Hong Kong International Aiport é¦™æ¸¯åœ‹éš›æ©Ÿå ´ (HKG -VHHH) https://t.co/5ARjmKNgy6
"Umbria, Italia
ML 2.2 (10 min ago)
9.0km 42.76Â°N 12.53Â°E
May 30, 2017 20:22:08 UTC
#earthquake"
Shadows on the Gallows Bridge @ Boston Manor https://t.co/okzOuT8Ab0
"#Ğ¡Ğ°Ğ½ĞºÑ‚ĞŸĞµÑ‚ĞµÑ€Ğ±ÑƒÑ€Ğ³,#Ğ­Ñ‚Ğ¾ĞŸĞ¸Ñ‚ĞµÑ€Ğ”ĞµÑ‚ĞºĞ°,#Ğ’Ğ¾Ğ·Ğ´ÑƒÑ…,#Ğ’ĞµÑĞ½Ğ°,#ĞĞ°ÑÑ‚Ñ€Ğ¾ĞµĞ½Ğ¸Ğµ,#Ğ–Ğ¸Ğ·Ğ½ÑŒ,# @ Saint Petersburg, Russia https://t.co/g4LXGtQXSl"
"TheÂ seaÂ awokeÂ atÂ midnightÂ fromÂ itsÂ sleep, Â AndÂ roundÂ theÂ pebblyÂ beachesÂ farÂ andÂ wideâ€¦ https://t.co/WjBlylbbQI"
"Campania, Italia
ML 2.3 (9 min ago)
11.0km 40.77Â°N 15.33Â°E
May 30, 2017 21:02:44 UTC
#earthquake"
"I'm at Ace Water Spa in Pasig City, Philippines w/ @ceejaybellen https://t.co/5hHnb0X4DF https://t.co/SxAjr8186r"
Air ambulance to land at A13 crash #Maldon https://t.co/zhFLzg7F49 https://t.co/Gv2H7AJhh3
Part 2 : Special thnx to coach Nart and coach Mahran from Jordan knights #zaynghazawi #footballâ€¦ https://t.co/VjxBpaCuCY
#Travel #tour #tourist #istanbul #turkey #arab #qatar #saudi #iraq #bahrain #gulf  #tourismâ€¦ https://t.co/7oELl1jWs8
Landing a big flying headbutt &amp; Arron warnes decides to kick out just before 3 and sends me inâ€¦ https://t.co/AE3bKstr0Y
"#Ğ¡Ğ°Ğ½ĞºÑ‚ĞŸĞµÑ‚ĞµÑ€Ğ±ÑƒÑ€Ğ³,#Ğ­Ñ‚Ğ¾ĞŸĞ¸Ñ‚ĞµÑ€Ğ”ĞµÑ‚ĞºĞ°,#Ğ’ĞµÑĞ½Ğ°,#Ğ’Ğ¾Ğ·Ğ´ÑƒÑ…,#ĞĞ°ÑÑ‚Ñ€Ğ¾ĞµĞ½Ğ¸Ğµ,#Ğ–Ğ¸Ğ·Ğ½ÑŒ,# @ Saint Petersburg, Russia https://t.co/0gLV3O33EM"
"current weather in Chkalov: broken clouds, 22Â°C
68% humidity, wind 4kmh, pressure 1009mb"
"#Ù…Ø­Ù…Ø¯ #ØµÙ„Ù‰_Ø§Ù„Ù„Ù‡_Ø¹Ù„ÙŠÙ‡_ÙˆØ³Ù„Ù…
#Ø§Ù„Ù…Ø¯ÙŠÙ†Ø©_Ø§Ù„Ù…Ù†ÙˆØ±Ø© @ Dubai, United Arab Emirates https://t.co/WfnylQLsJi"
"To all staff of Ayisha  inform you that donation of Rs. 200.00 for flood relief fund will deduction from this month salary.

-  principal -"
Whoop Whoop ğŸ‰ AnlÃ¤sslich meines 30. Geburtstags verlose ich auf Facebook ein Shooting ğŸ¥‚ Was Ihrâ€¦ https://t.co/0j0xZ8HOx1
"Umbria, Italia
ML 2.8 (23 min ago)
10.0km 42.81Â°N 13.13Â°E
May 30, 2017 18:00:36 UTC
#earthquake"
"#TheNerveAfrica
Meet Seun Agbelusi at TheNerve Africaâ€™s Branding and Marketing Speedcourse. Seunâ€¦ https://t.co/3SHlrVOJXl"
"#Ğ¡Ğ°Ğ½ĞºÑ‚ĞŸĞµÑ‚ĞµÑ€Ğ±ÑƒÑ€Ğ³,#Ğ­Ñ‚Ğ¾ĞŸĞ¸Ñ‚ĞµÑ€Ğ”ĞµÑ‚ĞºĞ°,#Ğ’ĞµÑĞ½Ğ°,#Ğ’Ğ¾Ğ·Ğ´ÑƒÑ…,#ĞĞ°ÑÑ‚Ñ€Ğ¾ĞµĞ½Ğ¸Ğµ,#Ğ–Ğ¸Ğ·Ğ½ÑŒ,# @ Saint Petersburg, Russia https://t.co/yeN582WHLw"
"Damit niemand suchen muss, hier ein Link um von @xing_de los zu kommen:

https://t.co/N88La8FWZc"
"ã‚„ã£ã¨å±Šã„ãŸã€‚æ¯æœˆ100GBä½¿ã„å€’ã—ã™ãw #fujiwifi @ Fukushima, Fukushima https://t.co/1kFlMTe1Kq"
"current weather in Karaj: clear sky, 30Â°C
10% humidity, wind 8kmh, pressure 1010mb"
Beautiful wedding by the sea on the beach at #thorpenesscountryclub with a great fun coupleâ€¦ https://t.co/Klwd6ZeayQ
#holiday #mallorca @ Blue Sea Gran Playa https://t.co/7b7LQxxrOx
"Ù„ÙˆÙ ÙƒØ§Ù†Ù‘ Ù„ÙÙŠ Ø£Ù†Ù Ø§ÙƒÙˆÙ†Ù‘ Ø´ÙŠØ¦Ù‹Ø§ Ù„Ùƒ ØŒ
Ù„ÙƒÙÙ†ØªÙ Ù†Ø¨Ø¶Ù‹Ø§ Ù„Ø§ ÙŠÙØ§Ø±Ù‚Ù‘ Ù‚ÙÙ„Ø¨Ùƒ Ø£Ø¨ÙØ¯Ø¢ @ Frankfurt Brooklyn Bridge https://t.co/k7PU3TX0eP"
"ğŸš‚ #IC2133 LUXâ†’BRUXELLES-MIDI (Belgium)
Departure 10:09
has a short delay
#CFL50"
"current weather in Abu Dhabi: clear sky, 37Â°C
50% humidity, wind 3kmh, pressure 999mb"
South Africa please - Wifi in the cab! We can do this.... #CAYESA #letsdogreatthings @ Banglaâ€¦ https://t.co/zmBnuqdTSb
é¢¨å‘ããŒå¤‰ã‚ã£ãŸãŸã‚ã€æ»‘èµ°è·¯ã‚’å¤‰æ›´ã—ã¦ç€é™¸ã„ãŸã—ã¾ã™ğŸ›¬ #landing #airport #ana30 #ana #hanedaairport #timelapse #hyperlapseâ€¦ https://t.co/RMdqufWX5E
"Il primo panino gourmet di Ostia ""il San Pietrino con Gamberoni e Avocado"" #love #foodporn #foodâ€¦ https://t.co/CTyAmVcIuD"
Stille pÃ¥ landet? Langt i fra. Ihvertfall ikke om du har en stor stÃ¦rflokk boende utenforâ€¦ https://t.co/5XsOICKb0h
At Jln Sea â€” https://t.co/haCeQ1DpfB
"#island #krabi #sea @ à¹€à¸à¸²à¸°à¸›à¸­à¸”à¸° ,Poda Island à¸ˆ. à¸à¸£à¸°à¸šà¸µà¹ˆ https://t.co/U7xHaIyoso"
De Hefbrug in Alphen aan den Rijn is weer dicht. Zie https://t.co/zCqSr3mrjr #brugopen
Patentado en USA garantizando la absorciÃ³n del oxido nÃ­trico y su metabolizaciÃ³n total; es unâ€¦ https://t.co/y1sSJWUnzb
Den offentliga examinationen fÃ¶r kursdeltagarna pÃ¥ Ã…r tvÃ¥ pÃ¥ Serieskolan i MalmÃ¶ pÃ¥gÃ¥r i dettaâ€¦ https://t.co/dyrgEkarwj
"I'm at SEA LIFE Bangkok Ocean World - @siamoceanworld in Pathum Wan, Bangkok https://t.co/Mecyf7hUzn"
"Enjway Cool cool water @ Qila Sada Singh, Punjab, Pakistan https://t.co/bgrDPF23E2"
"11 protocolli pilota in Lombardia con Comuni, NGO, GDO, mense contro sprechi alimentari: 830T recuperate x1,6M pasti https://t.co/nbjii90KcB"
"á€¡á€á€ºá€…á€¹â€‹á€™á€½á€¬á‚á€­á€¯á€¸á‚á€­á€¯á€¸á€•á€²â€‹á€±á€á€¼á€¸á€á€šá€¹â€‹...

&gt;&gt;Credit @ Mandalay, Myanmar https://t.co/WKWfRpgQAC"
Ontbijtje in de zon #zzplife #denhaag #genieten #bofkont @ Anne&amp;Max Den Haag Kerkplein https://t.co/P4uCo2v8aC
"#Ğ¼Ñ‹Ğ½Ğ°Ğ²Ğ°Ğ»Ğ¸Ğ²Ğ°ĞµĞ¼Ğ±Ğ°Ñ 
#Ğ½ĞµĞ·Ğ°Ğ±Ğ¸Ñ€Ğ°Ğ¹Ğ¼ĞµĞ½ÑÑĞ¿Ğ°Ñ‚Ğ¸
#BOVALIGURA #DJKICH @ Lipetsk, Russia https://t.co/nmR6RFueOb"
"I'm at Hammersmith Bridge in London, Greater London https://t.co/71PNb6zA3Z"
"Just posted a photo @ Abu Dhabi, United Arab Emirates https://t.co/ycNdhiUBR0"
"Botanical gardens. Staff only. @ Yekaterinburg, Sverdlovskaya Oblast', Russia https://t.co/pOw6obcCvd"
"current weather in Riyadh: clear sky, 39Â°C
12% humidity, wind 7kmh, pressure 1013mb"
Oferta del 1 al 8 de Junio 17 @ Las Termas de Ruham - Castellon Centro https://t.co/bXRN619JG0
"Right now shooting is going on here. (@ Ampa Skywalk - @cafecoffeeday in Chennai, TN) https://t.co/woF2Bs6LkX"
"Bajova kula.
ğŸ‡²ğŸ‡ª
#montenegro #mojacrnagora #discover #travel #explore #sea #kotor #bayofkotorâ€¦ https://t.co/Cv1NlnvMpW"
Oferta del 1 al 8 de Junio 17 @ Las Termas de Ruham - Castellon Centro https://t.co/SL9ZKq0lBv
"If you're looking for work in #Cairo, Cairo Governorate, check out this #job: https://t.co/36O59xd3AX #Marketing #Hiring"
"Day 31: US ğŸ’• #CleomiJehannePhotographyChallenge @ Las PiÃ±as, Philippines https://t.co/4uRe48ydkk"
Clinton blames US-Russia collusion for election loss https://t.co/OLMzZQ22OX
"Born readyâ™ ï¸â™ ï¸ #shooting #londontown #london #mcmlondon #idiaaisien @ London, United Kingdom https://t.co/lOPGSMEKtl"
"current weather in Tabriz: few clouds, 10Â°C
12% humidity, wind 3kmh, pressure 1014mb"
#alexandria #egypt #maamoura #sunset #Ğ°Ğ»ĞµĞºÑĞ°Ğ½Ğ´Ñ€Ğ¸Ñ #ĞµĞ³Ğ¸Ğ¿ĞµÑ‚ @ Maamoura Beach https://t.co/zno6IauB6V
æ‚ é–’çš„åˆå¾Œæ™‚å…‰ä¸å¤šäº† #lifestyle #food #taipei #taiwan #brunch @ æ–°èŠIKEAå®œå®¶å®œå±…-ç‘å…¸é¤å»³ https://t.co/sbZEsvn7Td
PM: Neues Spielfeld fÃ¼r den Breitensport: 7Sports und Sportdeutschland ...  https://t.co/HSZUVjDOui
@tokyo_goldfish Have a safe flight Sam! Job hunting there?
"Albania
M 3.2 (9 min ago)
2.0f 40.97Â°N 20.51Â°E
Jun 1, 2017 08:45:00 UTC
#earthquake"
"Manisa, TÃ¼rkiye
ML 2.0 (87 min ago)
8.0km 38.76Â°N 27.76Â°E
Jun 1, 2017 07:26:21 UTC
#earthquake"
"current weather in Saratov: light rain, 24Â°C
67% humidity, wind 7kmh, pressure 1005mb"
#boat #waves #waterscape #kiev #kievlife #water #reflection #s1mple_shots #photo #plantsâ€¦ https://t.co/OhN4xWOwFf
"Ğ¡ĞµÑÑĞ¸Ñ Ğ½Ğµ Ğ¾Ñ‚Ğ¿ÑƒÑĞºĞ°ĞµÑ‚. Ğ¡Ğ½Ğ¾Ğ²Ğ° Ğ² Ğ¿ÑƒÑ‚ÑŒğŸ’ªğŸ» @ Saratov, Russia https://t.co/S6iddPzLvt"
"Manchmal steht man sich einfach nur selber im Weg und verliert den Durchblick. Da hilft es, sichâ€¦ https://t.co/IaB8seH69H"
"Just posted a photo @ Beirut, Lebanon https://t.co/HGseeRzsUT"
"#Ğ¡Ğ°Ğ½ĞºÑ‚ĞŸĞµÑ‚ĞµÑ€Ğ±ÑƒÑ€Ğ³,#Ğ­Ñ‚Ğ¾ĞŸĞ¸Ñ‚ĞµÑ€Ğ”ĞµÑ‚ĞºĞ°,#Ğ’ĞµÑĞ½Ğ°,#Ğ’Ğ¾Ğ·Ğ´ÑƒÑ…,#ĞĞ°ÑÑ‚Ñ€Ğ¾ĞµĞ½Ğ¸Ğµ,#Ğ–Ğ¸Ğ·Ğ½ÑŒ,# @ Saint Petersburg, Russia https://t.co/KsRDnnpMx7"
Scallop with its roe. (And sea water?).. @chefdanhunter lowejames #London #worlds50bestâ€¦ https://t.co/MBwv7uTOaR
ï¼»æ°—è±¡åºæƒ…å ±ï¼½31æ—¥ã€€01æ™‚18åˆ†é ƒã€€ç†Šæœ¬çœŒç†Šæœ¬åœ°æ–¹ï¼ˆN32.6/E130.7ï¼‰ã«ã¦ã€€æœ€å¤§éœ‡åº¦1ï¼ˆM2.6ï¼‰ã®åœ°éœ‡ãŒç™ºç”Ÿã€‚ã€€éœ‡æºã®æ·±ã•ã¯10kmã€‚( https://t.co/02MSggsTjP ) #saigai #jishin #earthquake
"Lagos, Gauteng Province Have Capacity To Drive Africaâ€™s Economy â€“ Ambode https://t.co/3i5nArAm63"
"current weather in Hamadan: clear sky, 25Â°C
10% humidity, wind 2kmh, pressure 1015mb"
"Have a great Weekend ğŸ˜˜ğŸ‘ğŸ¼ @ London, United Kingdom https://t.co/2vGexiTooa"
Just posted a photo @ Sea life  family resort https://t.co/ehV4szcEvD
BlackBerry KEYone fa registrare il tutto esaurito online negli USA https://t.co/ScM7B1YmIB #Android https://t.co/INScRNzV80
"current weather in Ahvaz: clear sky, 40Â°C
17% humidity, wind 7kmh, pressure 1004mb"
"The ShinkyÅ Bridge (ç¥æ©‹) is a beautiful, wooden and vermilion-lacquered bridge that is the gateway to the sacred NikkÅ Mountains."
"hello #June /
#welcome back to our lives /
a view of #Astypalaia
#sea #rocks #blue #aegean #seaâ€¦ https://t.co/Zhnn2jzNm8"
"I'm at Gatchalian Subdivision in Las PiÃ±as City, Metro Manila https://t.co/aSrhs4ksCD"
#rus Ğ’ Ğ¡Ğ¨Ğ Ğ¾Ñ„Ğ¸Ñ†Ğ¸Ğ°Ğ»ÑŒĞ½Ğ¾ Ñ€Ğ°Ğ·Ñ€ĞµÑˆĞ¸Ğ»Ğ¸ ÑĞ»ĞµĞ´Ğ¸Ñ‚ÑŒ Ğ·Ğ° Ğ¶ÑƒÑ€Ğ½Ğ°Ğ»Ğ¸ÑÑ‚Ğ°Ğ¼Ğ¸ https://t.co/jHnrAK8dLv
"current weather in Tolyatti: light rain, 21Â°C
65% humidity, wind 6kmh, pressure 1002mb"
TÃ½den Astrid LindgrenovÃ© v Praze zaÄÃ­nÃ¡ #astridlindgren #praha #pipidlouhapuncochaâ€¦ https://t.co/8lgFIHtmzg
FotoÄŸraf 2015'ten ama kardeÅŸliÄŸimiz 1997'den beri... Ä°yi ki doÄŸdunâ€¦ https://t.co/Jep79jv8PS
Thai-tea ice-cream ğŸ¦ @ Skoop Beach CafÃ© Hua Hin https://t.co/KrUzzuTxTw
A relaxed warm weather shoe is what you need these days. Here's the Flex in Suede to do justâ€¦ https://t.co/YWC2OZyzwm
#ICE  77777 ğŸ˜® @ Leipzig Hauptbahnhof https://t.co/7wCMbjRL3Y
"I'm at SV Flight Operations ï¸ in Jeddah, Makkah https://t.co/wlGXoATR66"
"#Ğ¡Ğ°Ğ½ĞºÑ‚ĞŸĞµÑ‚ĞµÑ€Ğ±ÑƒÑ€Ğ³,#Ğ­Ñ‚Ğ¾ĞŸĞ¸Ñ‚ĞµÑ€Ğ”ĞµÑ‚ĞºĞ°,#Ğ’ĞµÑĞ½Ğ°,#Ğ’Ğ¾Ğ·Ğ´ÑƒÑ…,#ĞĞ°ÑÑ‚Ñ€Ğ¾ĞµĞ½Ğ¸Ğµ,#Ğ–Ğ¸Ğ·Ğ½ÑŒ,# @ Saint Petersburg, Russia https://t.co/ddK8qTeujh"
Nigeria accounts for 40% of gas flared annually in Africa â€” Senate https://t.co/CGtGretQM5
"Ãˆ arrivato il momento di ringraziare, salutare e continuare la mia strada âš½ï¸Sono stati piÃ¹ di 3â€¦ https://t.co/cFzd7PXzsf"
"current weather in Kirov: moderate rain, 13Â°C
96% humidity, wind 12kmh, pressure 984mb"
Die Toilette in den Reinigungsmodus versetzt und natÃ¼rlich mÃ¼sste ich dann direkt pinkeln. Das ist auch so ein Naturgesetz oder?! #hibbel
#spb #saintpetersburg #russia #gazprom @ Ğ ĞµÑÑ‚Ğ¾Ñ€Ğ°Ğ½ Â«ĞœĞ°Ğ½ÑĞ°Ñ€Ğ´Ğ°Â» https://t.co/1LQEh6ycQD
"Beachday! ğŸ˜„ğŸ˜
#salernotravel #praiano #salerno #beach #beachday #sea #ocean #amalficoastâ€¦ https://t.co/77n1rlcUzq"
"#Ğ½Ğ°ĞºĞ°Ğ·Ğ°Ğ»Ğ° #Ğ¿Ğ¾Ğ»Ğ¸Ñ†Ğ¸Ñ #ğŸ˜‚ğŸ˜‚ğŸ˜‚ @ Saint Petersburg, Russia https://t.co/nuwN3KwnDs"
"Last year â¤ï¸â¤ï¸ @ London, United Kingdom https://t.co/UXZmr0T5Mz"
"Coffee with Crazy Ex-Girlfriend. @ London, United Kingdom https://t.co/SVX92CrJpM"
Happy International Flight Attendant Day Uollsss... biarpon lambat sehari ğŸ˜†ğŸ˜† nak jugak. Kakakâ€¦ https://t.co/bcXrORI1UH
Pair lama united semula! #BigBoss @ Padang Sintetik mpk https://t.co/R84NopvRYJ
#FirstDay #NewJob @ London Bridge Station https://t.co/FsKOXHwDVo
De #zegerbrug in Alphen aan den Rijn ging zojuist open om 10:56. Zie https://t.co/zCqSr3mrjr #brugopen
"This DR CT mod with sailor grips is for customer from Russia! 

ğŸŒ Order your next penspinningâ€¦ https://t.co/Kpq8JT5IlA"
"When Jesus says YES... #london #shooting #idiaaisien #londontown @ London, United Kingdom https://t.co/ESSv34lIaw"
"#italy #italia #vatican #vaticano #roma @ Vaticano, Roma https://t.co/yZz2uUOlUo"
"current weather in Ufa: overcast clouds, 18Â°C
65% humidity, wind 6kmh, pressure 1004mb"
"Piemonte, Italia
ML 2.0 (40 min ago)
10.0km 44.49Â°N 6.87Â°E
May 31, 2017 20:47:04 UTC
#earthquake"
ï¼»æ°—è±¡åºæƒ…å ±ï¼½01æ—¥ã€€07æ™‚36åˆ†é ƒã€€ä¼Šäºˆç˜ï¼ˆN33.6/E131.9ï¼‰ã«ã¦ã€€æœ€å¤§éœ‡åº¦1ï¼ˆM3.3ï¼‰ã®åœ°éœ‡ãŒç™ºç”Ÿã€‚ã€€éœ‡æºã®æ·±ã•ã¯70kmã€‚( https://t.co/TOy8i5p0ku ) #saigai #jishin #earthquake
#ë§›ìŠ¤íƒ€ê·¸ë¨ #í‘¸ë“œ #food #í‘¸ë“œìŠ¤íƒ€ê·¸ë¨ #ë§›ì§‘íƒë°© #ë°¥ìŠ¤íƒ€ #í‘¸ë“œ #ìš”ë¦¬ #ìš”ë¦¬ìŠ¤íƒ€ê·¸ë¨ #ë¨¹ë°© #ë¨¹ìŠ¤íƒ€ê·¸ë¨ #ë§›ìŠ¤íƒ€ê·¸ë¨ #ë¨¹ìŠ¤íƒ€ #ë§›ì§‘ì¶”ì²œ #ê°„ì‹ #ë°¥ìŠ¤íƒ€ê·¸ë¨â€¦ https://t.co/bvM8k2HJfU
@ThrowbackAds the 1st mention of 'Martina Navratilova' appears on your TL. Now is Trending Topic in United Kingdom! #trndnl
De #den #uylbrug in #zaandam ging open om 10:14 en zal 4 minuten open zijn. Zie https://t.co/zCqSr3mrjr #brugopen
Walaupun shooting berbulan2 di negara orang Saya Indonesia Saya Pancasila. Selamat Hari Lahirâ€¦ https://t.co/P5vkcu6a2O
"ã€17:00æ™‚ç‚¹ 19.3â„ƒ 90ï¼…ã€‘
23.7~19.0â„ƒ
â˜…æ³¨æ„å ±:æ¿ƒéœ§
ï¼ç¦å³¶çœŒç¦å³¶å¸‚ #fukushima #ç¦å³¶ https://t.co/H2Js2cxD5O"
"https://t.co/hrRQ3ayHkc

#NAKED #MUSICVIDEO #FRAME #TATTOO #WING @ London, United Kingdom https://t.co/87cBj4uPNU"
ğŸ‡®ğŸ‡¹ #Lucchese (yesterday) #LegaPro at https://t.co/nODVvcicQW
I'm at Yemen Kahvesi in Antalya https://t.co/SZJbKTduIW
"Simple touches 
#igersuae #igersdxb #igersdubai #dubai #uae #dxb #modeling #portraits @ Dubaiâ€¦ https://t.co/kN5LuCFGSC"
Sunset at my favourite European city ğŸ‡¨ğŸ‡¿ @ Charles Bridge Palace https://t.co/765yJJtkdb
Sticks &amp; Spoons Headquarters #salad #crispy #salmon #food #homecooking #homestyle #cookingâ€¦ https://t.co/dttI0qOvmv
De Hefbrug in Alphen aan den Rijn ging zojuist open om 10:16. Zie https://t.co/zCqSr3E2aZ #brugopen
"current weather in Perm: clear sky, 15Â°C
33% humidity, wind 8kmh, pressure 1006mb"
Zlatan kicks a football again! https://t.co/4trKQtSySw https://t.co/hgxIpzmvQc
"#climatechange #Moscow #weather â›ˆğŸŒªğŸ¤” @ Moscow, Russia https://t.co/C8bUDj1U87"
PM: Mobile Health: Der Arzt rÃ¼ckt in den Mittelpunkt / Deloitte-Studie ...  https://t.co/t5aCXI0OGl
Danish khan #shooting #filmshoot #filmmaking #actor #actorlife #play #pakistan #inspectorâ€¦ https://t.co/I511EuAWNI
"current weather in Dubai: clear sky, 39Â°C
35% humidity, wind 3kmh, pressure 1000mb"
"Directed by studiocerilla_ 
Videography by salt.bandits 
Styled by @ryujishiomitsu, @gailmereriaâ€¦ https://t.co/sWtqBW5LZM"
#Classof99 #wearsunscreen #geneva #Jetd'eauGenÃ¨ve @ Jet d'eau GenÃ¨ve https://t.co/B2RKp4tk8d
Escala em Paris ğŸ›©â±ğŸ‡«ğŸ‡·#stopover #paris #cdg #airport #france #europe #europa #eurotrip #mywayâ€¦ https://t.co/4FSUKuE1YA
#Essex: Residents could be left without running water for up to four hours https://t.co/0NNCyiAh9t https://t.co/vRIOCKPCdn
"GMâ˜€ï¸
Ğ½Ğ°Ñ€Ğ¸ÑĞ¾Ğ²Ğ°Ğ»ğŸ¨ Ñ‚ĞµĞ¿ĞµÑ€ÑŒ Ñ…Ğ¾Ñ‡Ñƒ Ğ¿Ğ¾Ğ´Ğ°Ñ€Ğ¸Ñ‚ÑŒ..
Ğ§Ñ‚Ğ¾ ÑĞºĞ°Ğ¶Ğ¸Ñ‚Ğµ?)) @ Saint Petersburg, Russia https://t.co/YeWRXiYUUX"
"Still not quite over #marrypoppins at the Dubai Opera House! @ Dubai, United Arab Emirates https://t.co/WgkJSOjEO3"
137 benutzer und 151 tweets (129 RTs) in 2 wochen drehte den hashtag 'Bilder des Jahres' in trend. #trndnl
Heading Home. #delta #deltaairlines  #flydelta #airbus #a330 #munich #muc #flughafen #cloudsâ€¦ https://t.co/FGYt5hqYXi
Two vehicle crash partially blocks a #Benfleet road https://t.co/7WcR8gCr8V #Southend https://t.co/ZGMI565JsW
VR game Star Trek: Bridge Crew tested https://t.co/pqQxbW7Dn4 #business #marketing
Den morgen mit meinen 2 kleinsten im Tierpark Nadermann verbringen ğŸ˜ @ Tierpark Nadermann https://t.co/uGYbKuT66Z
"The Niger State Govt is seriously making efforts to improve the PHC, to meet the demands of the masses. 

#NothingAboutUsWithoutUs"
"I'm at Station Den Haag Centraal in Den Haag, Zuid-Holland https://t.co/MatYv5R5P0"
"â’ #kltu
â’ #kabul
â’ #Juventus
â’ Japan
â’‘ Manchester United

2017/6/1 15:57 +08 #trndnl https://t.co/3ZpGNCIaQz"
"brb @ problems 

now to bum around here til our next flight for around 8 hours @ ç¾éº—ç©ºå§å¤§è…¿ä¸Š Taiwanâ€¦ https://t.co/kD8Y0rPjc3"
"Manisa, TÃ¼rkiye
ML 2.7 (13 min ago)
5.0km 38.81Â°N 27.69Â°E
Jun 1, 2017 07:39:11 UTC
#earthquake"
I'm at FUJINOEKI (Earthquake Simulation Center) https://t.co/1yW9pPkgEx
"Italy
ML 2.1 (13 min ago)
138.0km 38.52Â°N 15.54Â°E
Jun 1, 2017 01:56:43 UTC
#earthquake"
Sen neymiÅŸsin be Abiii (@ Kilikya Palace in GÃ¶ynÃ¼k) https://t.co/7wjc1ckWgN